ID,Class,id1001102,id1001764,id1003056,id1003344,id1004256,wd1000235,id1005511,id1006298,id1007185,id1007562,id1008171,id1008693,ud1000597,id1009415,id1009998,ud1000744,id1010543,id1010652,id1011513,id1011563,id1012165,id1012330,id1013183,id1013561,id1014752,id1015417,id1015984,id1016790,id1017859,id1018311,id1018329,id1018870,id1020384,id1020809,id1021494,id1022407,id1023174,id1024271,id1024323,id1025455,id1026052,id1026613,dd1002041,id2000007,wd2000006,id2001468,id2002293,id2003067,id2003244,ud2000373,wd2000377,id2004617,wd2000539,id2005345,id2005538,id2005746,ud2000761,wd2001405,wd2001525,wd2001664,wd2001728,id2007273,id2007679,ud2001198,id2008501,id2009229,id2009320,id2010818,id2011139,id2011890,id2012032,id2012493,fd12,id2013214,ud2001837,id2013897,id2014608,id2014833,id2015361,id2016199,id3000362,id3000695,fd9,id3001422,id3002191,id3002476,id3003491,id3003795,id3004040,id3004399,id3005111,id3005194,id3005824,id3006542,id3006872,id3006941,id3007541,id3007910,id3200001,id3008386,id3008660,id3009175,id3009433,id3009800,id3010055,id3010557,id3010700,id3010849,id3011095,id3011400,id3013076,id3013192,id3013308,id3014361,fd10,id3015453,id3015533,id3016090,id3016979,id3017777,id4000001,id4001096,wd4000347,id4002032,id4002348,id4002718,id4002942,ud4000703,id4003524,id4003793,wd4001906,id4004185,id4004428,wd4002307,id4004914,id4005404,id4005704,ud4001552,id4006867,id4007490,id4007698,id4007882,id4008442,id4008536,id4008981,id4009413,id4009823,id4010200,id4010401,id4010884,id4011666,id4011935,id4012501,id5000043,id5000811,id5001423,id5002154,id5002497,id5002987,id5003303,id5003662,id5004086,wd5000945,id5004832,id5004982,wd5001818,ud5000604,id5005882,id5006365,id5006456,id5007205,id5008218,id5008667,id5009149,id5009967,id5010886,id5011771,id5012326,id5013450,id5013798,id5014669,id6000073,fd7,fd8,id6002123,id6002611,id6003088,id6003705,id6004020,fd17,id6004563,id6005608,id6006214,id6006537,id6007220,ud6000539,id6008330,id6009217,id6009470,id6009699,ud6000786,id6010404,id6010766,id6011379,id6011555,id6012335,id6013038,id6014020,id6015002,id6016142,id6016264,id6016803,id6016873,id7000070,id7000183,id7000448,id7000479,id7000589,ud7000430,id7001091,id7001155,id7001559,id7001631,ud7000813,id7001998,id7002055,wd7001809,ud7000964,id7002392,id7002556,id7002701,ud7001174,id7002931,id7003172,id7003243,id7003591,id7004065,id7004210,id7004645,id7004870,id7005137,id7005423,id7005984,id8000140,id8000470,id8000754,id8001029,id8001299,id8002025,id8002187,ud8000441,wd8001250,id8002968,id8003469,id8003624,wd8002051,wd8002449,id8003833,id8004221,wd8002912,id8004775,id8004948,id8005235,id8005688,id8005966,id8006359,id8006751,ud8001618,id8006984,id8007093,id8007595,id8007764,id9000154,id9000339,id9000571,wd9000359,ud9000122,id9000821,id9001297,wd9001098,id9002419,id9002551,id9003030,id9003183,id9003598,id9003830,id9004148,id9004978,id9005523,id9005626,id9006968,id9007180,id9007328,id9007784,id10000185,ud10000050,id10000881,ud10000265,id10001327,id10001970,id10002083,id10002364,wd10002013,id10002542,id10002867,id10002916,id10003260,id10003334,id10003706,id10003891,id10004500,ud10000989,id10005049,wd10003790,id10006340,ud10001209,id10006861,id10007384,id11000133,id11000343,id11000807,id11001552,id11001601,id11002336,id11002690,id11002906,id11003145,wd11000649,id11003973,wd11001118,id11004264,id11004341,id11004584,id11004845,id11005058,id11005515,id11006054,id11006537,id11007108,id11007805,id11008178,dd11000336,id11008929,id11009635,id11010238,id11010555,id11011652,id12000232,id12000633,id12001043,id12001567,id12002113,id12002563,id12002727,id12003005,id12003717,id12004099,id12004460,wd12001978,id12005212,id12005547,wd12003207,id12005992,id12006155,id12006339,id12006721,wd12003998,id12007216,id12008289,id12008779,id12009089,id12009467,id12010130
IR64,Ind,C/C,A/A,A/A,C/C,T/T,T/T,A/A,C/C,C/C,G/G,T/T,T/T,T/T,C/C,A/A,C/C,G/G,C/C,A/A,G/G,G/G,G/G,G/G,T/T,G/G,T/T,A/A,T/T,C/C,T/T,G/G,C/C,A/A,A/A,G/G,T/T,C/C,C/C,A/A,C/C,C/C,C/C,G/G,G/G,C/C,G/G,T/T,C/C,G/G,T/T,G/G,G/G,T/T,G/G,T/T,G/G,G/G,T/T,A/A,C/C,T/T,C/C,A/A,G/G,C/C,G/G,T/T,A/A,G/G,A/A,C/C,G/G,A/A,G/G,C/C,T/T,A/A,A/A,C/C,T/T,T/T,A/A,C/C,G/G,G/G,T/T,C/C,C/C,C/C,A/A,G/G,T/T,T/T,T/T,G/G,A/A,G/G,A/A,A/A,G/G,A/A,G/G,G/G,T/T,T/T,C/C,T/T,G/G,G/G,C/C,C/C,A/A,C/C,A/A,T/T,G/G,A/A,A/A,T/T,T/T,T/T,A/A,G/G,G/G,C/C,G/G,T/T,G/G,G/G,A/A,T/T,A/A,C/C,T/T,G/G,G/G,T/T,G/G,C/C,G/G,C/C,C/C,C/C,C/C,T/T,T/T,T/T,T/T,T/T,G/G,T/T,C/C,A/A,T/T,G/G,G/G,A/A,G/G,G/G,C/C,C/C,C/C,C/C,A/A,A/A,A/A,T/T,T/T,G/G,A/A,G/G,A/A,T/T,G/G,G/G,A/A,T/T,G/G,A/A,T/T,C/C,A/A,C/C,G/G,G/G,T/T,A/A,G/G,A/A,G/G,T/T,C/C,T/T,A/A,A/A,C/C,G/G,C/C,A/A,T/T,T/T,A/A,A/A,C/C,T/T,C/C,C/C,C/C,T/T,T/T,T/T,A/A,G/G,G/G,G/G,C/C,T/T,G/G,G/G,A/A,T/T,A/A,C/C,T/T,T/T,C/C,C/C,C/C,T/T,A/A,A/A,T/T,A/A,C/C,G/G,A/A,T/T,T/T,A/A,C/C,C/C,G/G,C/C,G/G,C/C,T/T,G/G,C/C,C/C,G/G,G/G,C/C,T/T,G/G,C/C,G/G,C/C,A/A,C/C,C/C,G/G,G/G,G/G,T/T,G/G,T/T,G/G,G/G,G/G,T/T,G/G,A/A,A/A,T/T,T/T,C/C,C/C,T/T,C/C,G/G,C/C,A/A,C/C,G/G,G/G,A/A,T/T,G/G,A/A,A/A,C/C,C/C,A/A,G/G,G/G,T/T,A/A,A/A,C/C,T/T,C/C,A/A,G/G,C/C,A/A,T/T,T/T,C/C,C/C,G/G,A/A,A/A,G/G,T/T,A/A,A/A,T/T,T/T,T/T,G/G,C/C,T/T,G/G,G/G,C/C,C/C,C/C,C/C,A/A,G/G,G/G,A/A,T/T,G/G,T/T,T/T,G/G,G/G,G/G,C/C,G/G,T/T,G/G,G/G,C/C,A/A,C/C,G/G,A/A,A/A,A/A,A/A,C/C,A/A,G/G,G/G,C/C,T/T,G/G,C/C,C/C,C/C,C/C,G/G,G/G,C/C,A/A,C/C,G/G,A/A,A/A,C/C,A/A
KALIBORO,Aus,T/T,C/C,A/A,C/C,T/T,C/C,G/G,A/A,C/C,G/G,T/T,T/T,T/T,C/C,A/A,C/C,G/G,C/C,A/A,A/A,G/G,G/G,G/G,C/C,A/A,T/T,A/A,T/T,C/C,T/T,G/G,C/C,A/A,A/A,G/G,T/T,C/C,C/C,A/A,C/C,C/C,C/C,G/G,G/G,T/T,G/G,T/T,C/C,G/G,T/T,G/G,G/G,T/T,G/G,T/T,G/G,G/G,T/T,A/A,C/C,T/T,C/C,G/G,G/G,C/C,G/G,T/T,A/A,G/G,A/A,C/C,G/G,G/G,G/G,C/C,T/T,T/T,G/G,C/C,T/T,T/T,A/A,T/T,G/G,G/G,T/T,C/C,T/T,C/C,A/A,G/G,T/T,T/T,C/C,G/G,A/A,G/G,A/A,C/C,T/T,A/A,G/G,G/G,T/T,T/T,C/C,T/T,G/G,T/T,C/C,C/C,A/A,C/C,A/A,T/T,G/G,A/A,A/A,T/T,T/T,C/C,A/A,G/G,G/G,C/C,G/G,T/T,G/G,G/G,A/A,T/T,G/G,C/C,A/A,A/A,C/C,A/A,G/G,C/C,G/G,C/C,C/C,C/C,C/C,T/T,C/C,C/C,T/T,T/T,G/G,C/C,T/T,T/T,T/T,G/G,G/G,A/A,G/G,G/G,C/C,C/C,C/C,T/T,T/T,G/G,T/T,T/T,A/A,G/G,A/A,G/G,A/A,T/T,G/G,G/G,A/A,T/T,G/G,T/T,T/T,C/C,A/A,C/C,T/T,A/A,-/-,G/G,A/A,T/T,G/G,T/T,A/A,T/T,C/C,G/G,C/C,G/G,C/C,A/A,A/A,T/T,A/A,A/A,T/T,C/C,G/G,T/T,C/C,T/T,T/T,T/T,A/A,G/G,A/A,A/A,C/C,T/T,T/T,G/G,A/A,T/T,G/G,C/C,C/C,A/A,C/C,-/-,C/C,T/T,A/A,T/T,C/C,A/A,A/A,C/C,A/A,T/T,T/T,A/A,C/C,C/C,G/G,C/C,G/G,C/C,T/T,-/-,C/C,C/C,G/G,G/G,C/C,T/T,G/G,C/C,G/G,C/C,A/A,C/C,C/C,A/A,G/G,G/G,C/C,G/G,T/T,G/G,G/G,C/C,T/T,G/G,A/A,C/C,T/T,T/T,C/C,C/C,T/T,C/C,G/G,C/C,A/A,C/C,G/G,G/G,A/A,T/T,G/G,A/A,A/A,C/C,C/C,C/C,G/G,G/G,T/T,G/G,A/A,C/C,G/G,T/T,C/C,A/A,T/T,T/T,A/A,T/T,G/G,C/C,G/G,A/A,A/A,G/G,T/T,A/A,A/A,A/A,T/T,T/T,G/G,C/C,T/T,G/G,G/G,T/T,C/C,C/C,C/C,A/A,G/G,G/G,A/A,T/T,G/G,T/T,T/T,G/G,G/G,G/G,C/C,G/G,T/T,G/G,G/G,C/C,A/A,C/C,G/G,A/A,A/A,A/A,G/G,C/C,A/A,G/G,G/G,C/C,T/T,G/G,C/C,C/C,C/C,C/C,G/G,G/G,C/C,A/A,C/C,A/A,A/A,A/A,C/C,A/A
TOYOSACHI,Temp,C/C,C/C,G/G,T/T,C/C,T/T,A/A,C/C,T/T,A/A,C/C,C/C,A/A,T/T,G/G,T/T,A/A,A/A,G/G,A/A,A/A,A/A,A/A,T/T,G/G,G/G,G/G,C/C,T/T,G/G,A/A,G/G,G/G,A/A,C/C,C/C,T/T,T/T,G/G,T/T,T/T,T/T,T/T,A/A,C/C,A/A,C/C,T/T,A/A,C/C,A/A,T/T,A/A,A/A,C/C,A/A,C/C,G/G,G/G,A/A,A/A,G/G,G/G,T/T,T/T,T/T,C/C,T/T,C/C,G/G,T/T,A/A,G/G,C/C,T/T,C/C,A/A,G/G,T/T,A/A,A/A,G/G,C/C,A/A,G/G,T/T,C/C,C/C,A/A,G/G,A/A,A/A,C/C,T/T,A/A,A/A,A/A,G/G,C/C,G/G,G/G,A/A,A/A,C/C,C/C,G/G,C/C,A/A,G/G,T/T,T/T,G/G,G/G,T/T,T/T,A/A,C/C,G/G,A/A,C/C,T/T,T/T,G/G,A/A,T/T,C/C,C/C,C/C,T/T,C/C,C/C,G/G,G/G,T/T,A/A,C/C,A/A,A/A,T/T,A/A,A/A,A/A,T/T,C/C,C/C,C/C,C/C,G/G,T/T,A/A,C/C,T/T,T/T,G/G,T/T,T/T,G/G,A/A,G/G,C/C,A/A,T/T,C/C,A/A,A/A,A/A,T/T,A/A,C/C,G/G,A/A,C/C,C/C,A/A,A/A,G/G,C/C,A/A,A/A,C/C,G/G,G/G,A/A,T/T,G/G,T/T,A/A,G/G,A/A,A/A,A/A,A/A,T/T,C/C,G/G,T/T,T/T,T/T,T/T,A/A,C/C,G/G,T/T,C/C,C/C,C/C,C/C,T/T,T/T,C/C,C/C,G/G,A/A,G/G,G/G,T/T,C/C,T/T,A/A,G/G,C/C,G/G,T/T,C/C,A/A,A/A,G/G,G/G,C/C,T/T,T/T,C/C,G/G,C/C,G/G,G/G,T/T,T/T,A/A,T/T,T/T,C/C,T/T,T/T,T/T,G/G,G/G,T/T,G/G,G/G,G/G,T/T,A/A,A/A,T/T,A/A,T/T,G/G,G/G,T/T,G/G,C/C,C/C,C/C,T/T,C/C,A/A,G/G,G/G,T/T,A/A,C/C,C/C,C/C,C/C,G/G,T/T,C/C,G/G,A/A,G/G,A/A,T/T,A/A,A/A,C/C,C/C,A/A,C/C,G/G,G/G,T/T,C/C,A/A,A/A,T/T,G/G,C/C,C/C,T/T,C/C,A/A,G/G,C/C,A/A,T/T,A/A,C/C,T/T,A/A,G/G,G/G,A/A,G/G,T/T,T/T,A/A,A/A,G/G,A/A,A/A,C/C,A/A,A/A,C/C,G/G,T/T,T/T,T/T,A/A,A/A,G/G,C/C,A/A,C/C,A/A,G/G,G/G,A/A,T/T,T/T,C/C,T/T,C/C,C/C,T/T,T/T,A/A,G/G,C/C,T/T,G/G,A/A,G/G,A/A,T/T,T/T,T/T,A/A,T/T,T/T,G/G,T/T,A/A,A/A,T/T,G/G,T/T,G/G,G/G,G/G,T/T,C/C
BAEK GOK NA,Temp,C/C,C/C,G/G,T/T,C/C,T/T,A/A,C/C,T/T,A/A,C/C,C/C,A/A,T/T,G/G,T/T,A/A,A/A,G/G,A/A,A/A,A/A,A/A,T/T,G/G,T/T,G/G,C/C,T/T,G/G,A/A,G/G,G/G,A/A,C/C,C/C,T/T,T/T,G/G,T/T,T/T,T/T,T/T,A/A,C/C,A/A,C/C,T/T,A/A,C/C,A/A,T/T,A/A,A/A,C/C,A/A,C/C,G/G,G/G,A/A,A/A,G/G,G/G,T/T,T/T,T/T,C/C,T/T,C/C,G/G,T/T,A/A,G/G,C/C,T/T,C/C,A/A,G/G,T/T,A/A,A/A,G/G,C/C,A/A,G/G,T/T,C/C,C/C,A/A,G/G,A/A,A/A,C/C,T/T,A/A,A/A,A/A,G/G,C/C,G/G,G/G,A/A,A/A,C/C,C/C,G/G,C/C,A/A,G/G,T/T,T/T,G/G,G/G,T/T,T/T,A/A,C/C,G/G,A/A,T/T,T/T,T/T,G/G,A/A,T/T,C/C,C/C,C/C,T/T,C/C,C/C,G/G,G/G,T/T,A/A,C/C,A/A,A/A,T/T,A/A,A/A,A/A,T/T,C/C,C/C,C/C,C/C,G/G,T/T,A/A,C/C,T/T,T/T,G/G,T/T,T/T,G/G,A/A,G/G,C/C,A/A,T/T,C/C,A/A,A/A,A/A,T/T,A/A,G/G,G/G,A/A,C/C,C/C,A/A,A/A,G/G,C/C,A/A,A/A,C/C,G/G,G/G,A/A,T/T,G/G,T/T,A/A,G/G,A/A,A/A,A/A,A/A,T/T,C/C,G/G,T/T,T/T,T/T,T/T,A/A,C/C,G/G,T/T,C/C,C/C,C/C,C/C,T/T,T/T,C/C,C/C,G/G,A/A,G/G,G/G,T/T,C/C,T/T,A/A,G/G,C/C,G/G,T/T,C/C,A/A,A/A,G/G,G/G,C/C,T/T,T/T,C/C,G/G,C/C,G/G,G/G,C/C,A/A,G/G,T/T,T/T,C/C,T/T,T/T,T/T,G/G,G/G,T/T,G/G,G/G,A/A,C/C,A/A,A/A,T/T,A/A,T/T,G/G,G/G,T/T,G/G,C/C,C/C,C/C,T/T,C/C,A/A,G/G,G/G,T/T,A/A,C/C,C/C,C/C,C/C,G/G,T/T,C/C,G/G,A/A,G/G,G/G,T/T,A/A,A/A,C/C,C/C,A/A,C/C,G/G,G/G,T/T,C/C,A/A,A/A,T/T,G/G,C/C,C/C,T/T,C/C,A/A,G/G,C/C,A/A,T/T,A/A,C/C,T/T,A/A,G/G,G/G,A/A,G/G,T/T,T/T,A/A,A/A,G/G,A/A,A/A,C/C,A/A,A/A,C/C,G/G,T/T,T/T,T/T,A/A,A/A,G/G,C/C,A/A,C/C,A/A,G/G,G/G,A/A,T/T,T/T,C/C,T/T,C/C,C/C,T/T,T/T,A/A,G/G,C/C,T/T,G/G,A/A,G/G,A/A,T/T,C/C,T/T,A/A,T/T,T/T,G/G,C/C,A/A,A/A,T/T,G/G,T/T,G/G,G/G,G/G,T/T,C/C
RIKUTO NORIN 264,Trop,C/C,A/A,A/A,C/C,C/C,T/T,A/A,C/C,C/C,G/G,T/T,T/T,T/T,-/-,A/A,C/C,G/G,C/C,A/A,G/G,G/G,G/G,A/A,T/T,G/G,T/T,G/G,T/T,T/T,G/G,A/A,G/G,G/G,G/G,C/C,C/C,T/T,T/T,G/G,T/T,T/T,T/T,T/T,A/A,C/C,G/G,C/C,T/T,A/A,T/T,A/A,T/T,A/A,A/A,C/C,A/A,C/C,G/G,G/G,A/A,A/A,C/C,G/G,T/T,T/T,G/G,T/T,A/A,G/G,G/G,T/T,G/G,G/G,C/C,T/T,C/C,A/A,G/G,T/T,A/A,A/A,G/G,C/C,A/A,A/A,A/A,T/T,C/C,A/A,G/G,A/A,A/A,C/C,T/T,A/A,A/A,A/A,G/G,C/C,G/G,G/G,A/A,A/A,C/C,C/C,G/G,C/C,A/A,G/G,T/T,T/T,G/G,G/G,T/T,T/T,A/A,C/C,G/G,A/A,T/T,T/T,T/T,G/G,G/G,T/T,C/C,C/C,G/G,G/G,C/C,C/C,G/G,G/G,T/T,A/A,C/C,A/A,A/A,T/T,G/G,A/A,A/A,T/T,C/C,C/C,C/C,C/C,G/G,G/G,G/G,C/C,T/T,T/T,T/T,G/G,G/G,G/G,A/A,G/G,C/C,A/A,T/T,C/C,A/A,A/A,A/A,T/T,A/A,C/C,G/G,A/A,C/C,C/C,G/G,A/A,G/G,C/C,A/A,A/A,T/T,G/G,G/G,A/A,T/T,G/G,T/T,A/A,G/G,A/A,A/A,A/A,A/A,T/T,C/C,G/G,C/C,T/T,T/T,T/T,A/A,C/C,G/G,T/T,C/C,C/C,C/C,C/C,T/T,T/T,C/C,C/C,A/A,G/G,G/G,G/G,T/T,C/C,T/T,A/A,G/G,C/C,G/G,T/T,C/C,A/A,A/A,G/G,G/G,C/C,T/T,T/T,C/C,G/G,C/C,G/G,G/G,C/C,A/A,G/G,T/T,T/T,G/G,T/T,T/T,T/T,G/G,G/G,T/T,G/G,G/G,A/A,C/C,T/T,G/G,C/C,G/G,C/C,G/G,C/C,C/C,G/G,C/C,C/C,C/C,G/G,C/C,A/A,G/G,G/G,T/T,A/A,C/C,C/C,C/C,C/C,G/G,T/T,C/C,G/G,A/A,G/G,G/G,T/T,A/A,A/A,C/C,C/C,A/A,C/C,G/G,G/G,T/T,C/C,A/A,A/A,T/T,G/G,A/A,C/C,T/T,C/C,A/A,G/G,C/C,A/A,T/T,A/A,C/C,T/T,A/A,G/G,G/G,A/A,G/G,T/T,T/T,A/A,A/A,G/G,A/A,A/A,C/C,A/A,A/A,C/C,G/G,T/T,T/T,T/T,A/A,A/A,G/G,C/C,A/A,C/C,A/A,G/G,T/T,A/A,T/T,T/T,C/C,T/T,G/G,C/C,T/T,T/T,G/G,G/G,C/C,T/T,G/G,A/A,G/G,A/A,T/T,C/C,T/T,G/G,C/C,C/C,-/-,C/C,A/A,A/A,T/T,A/A,T/T,G/G,G/G,G/G,T/T,C/C
QUMANANI,Aro,C/C,C/C,G/G,T/T,C/C,C/C,G/G,C/C,T/T,A/A,C/C,C/C,A/A,T/T,G/G,T/T,A/A,C/C,A/A,A/A,A/A,A/A,G/G,T/T,G/G,T/T,A/A,T/T,T/T,G/G,A/A,G/G,G/G,A/A,C/C,C/C,T/T,T/T,G/G,C/C,C/C,C/C,G/G,G/G,C/C,G/G,T/T,C/C,A/A,T/T,A/A,T/T,A/A,A/A,C/C,A/A,C/C,G/G,G/G,C/C,T/T,G/G,G/G,T/T,C/C,G/G,T/T,A/A,G/G,A/A,T/T,G/G,G/G,C/C,T/T,C/C,T/T,G/G,C/C,T/T,A/A,G/G,C/C,A/A,G/G,T/T,C/C,C/C,C/C,A/A,A/A,A/A,C/C,T/T,A/A,G/G,G/G,G/G,A/A,G/G,G/G,G/G,A/A,C/C,T/T,G/G,C/C,A/A,G/G,C/C,T/T,G/G,G/G,A/A,T/T,A/A,C/C,G/G,A/A,T/T,T/T,A/A,G/G,G/G,C/C,C/C,C/C,G/G,G/G,C/C,C/C,A/A,-/-,A/A,A/A,C/C,A/A,A/A,C/C,G/G,A/A,A/A,C/C,C/C,C/C,C/C,C/C,G/G,T/T,G/G,C/C,T/T,T/T,T/T,G/G,G/G,A/A,G/G,G/G,C/C,C/C,T/T,C/C,A/A,A/A,A/A,T/T,A/A,G/G,A/A,A/A,C/C,C/C,G/G,G/G,A/A,C/C,A/A,A/A,C/C,G/G,A/A,C/C,G/G,A/A,-/-,A/A,G/G,A/A,G/G,T/T,A/A,T/T,C/C,G/G,C/C,G/G,C/C,A/A,T/T,C/C,G/G,A/A,C/C,C/C,-/-,C/C,T/T,T/T,T/T,T/T,A/A,G/G,G/G,G/G,T/T,C/C,T/T,A/A,G/G,C/C,G/G,C/C,C/C,A/A,C/C,G/G,C/C,C/C,T/T,T/T,C/C,A/A,C/C,G/G,G/G,C/C,A/A,A/A,T/T,C/C,G/G,T/T,G/G,T/T,G/G,G/G,C/C,C/C,G/G,-/-,C/C,T/T,G/G,C/C,G/G,C/C,G/G,C/C,T/T,G/G,C/C,G/G,C/C,G/G,T/T,A/A,G/G,G/G,T/T,G/G,C/C,C/C,C/C,C/C,G/G,T/T,C/C,G/G,G/G,G/G,A/A,C/C,A/A,G/G,C/C,C/C,A/A,C/C,G/G,C/C,C/C,C/C,G/G,G/G,T/T,G/G,A/A,C/C,T/T,C/C,A/A,A/A,T/T,T/T,A/A,T/T,G/G,T/T,A/A,A/A,A/A,A/A,T/T,A/A,T/T,A/A,A/A,G/G,A/A,A/A,T/T,G/G,A/A,C/C,G/G,T/T,-/-,T/T,A/A,A/A,G/G,C/C,A/A,C/C,A/A,G/G,G/G,A/A,T/T,G/G,T/T,T/T,G/G,C/C,A/A,T/T,G/G,G/G,C/C,T/T,G/G,C/C,G/G,G/G,G/G,C/C,G/G,G/G,C/C,T/T,C/C,C/C,A/A,G/G,T/T,A/A,T/T,A/A,A/A,A/A,C/C,A/A
LAYANDABU,Trop,C/C,A/A,A/A,C/C,C/C,T/T,A/A,C/C,T/T,A/A,C/C,C/C,A/A,T/T,G/G,T/T,A/A,C/C,A/A,A/A,A/A,A/A,A/A,T/T,G/G,T/T,G/G,T/T,T/T,G/G,A/A,G/G,G/G,G/G,C/C,C/C,T/T,T/T,G/G,T/T,T/T,T/T,T/T,G/G,C/C,G/G,C/C,T/T,A/A,T/T,A/A,T/T,A/A,A/A,C/C,A/A,C/C,G/G,G/G,A/A,A/A,C/C,G/G,T/T,T/T,T/T,T/T,T/T,C/C,G/G,T/T,G/G,G/G,C/C,T/T,C/C,A/A,G/G,T/T,A/A,A/A,G/G,C/C,A/A,A/A,A/A,T/T,C/C,A/A,G/G,A/A,A/A,T/T,T/T,A/A,A/A,G/G,A/A,A/A,G/G,G/G,G/G,A/A,C/C,C/C,G/G,C/C,A/A,G/G,T/T,T/T,G/G,G/G,T/T,T/T,A/A,C/C,G/G,A/A,T/T,T/T,A/A,G/G,G/G,T/T,C/C,C/C,G/G,G/G,C/C,C/C,G/G,G/G,T/T,A/A,C/C,A/A,A/A,T/T,G/G,A/A,A/A,T/T,A/A,C/C,C/C,C/C,G/G,G/G,G/G,C/C,T/T,T/T,G/G,T/T,G/G,G/G,A/A,A/A,G/G,C/C,T/T,C/C,A/A,A/A,A/A,A/A,A/A,G/G,A/A,G/G,C/C,C/C,G/G,A/A,G/G,C/C,A/A,A/A,T/T,G/G,G/G,C/C,G/G,G/G,T/T,A/A,G/G,A/A,A/A,A/A,A/A,T/T,C/C,G/G,T/T,G/G,C/C,A/A,T/T,C/C,G/G,T/T,C/C,C/C,C/C,C/C,T/T,C/C,C/C,C/C,A/A,A/A,G/G,G/G,T/T,C/C,T/T,A/A,G/G,C/C,G/G,C/C,C/C,A/A,A/A,G/G,G/G,C/C,T/T,T/T,C/C,G/G,C/C,G/G,G/G,T/T,A/A,G/G,T/T,T/T,G/G,C/C,T/T,T/T,G/G,G/G,T/T,G/G,T/T,A/A,C/C,T/T,G/G,C/C,-/-,C/C,A/A,C/C,T/T,G/G,G/G,C/C,C/C,T/T,C/C,A/A,A/A,G/G,T/T,A/A,C/C,A/A,C/C,C/C,G/G,T/T,C/C,G/G,A/A,G/G,G/G,T/T,A/A,A/A,C/C,C/C,A/A,C/C,G/G,G/G,T/T,C/C,A/A,A/A,T/T,G/G,A/A,C/C,T/T,C/C,A/A,A/A,C/C,A/A,T/T,A/A,C/C,T/T,A/A,G/G,G/G,A/A,T/T,A/A,T/T,A/A,A/A,G/G,A/A,A/A,T/T,G/G,A/A,C/C,G/G,T/T,T/T,T/T,A/A,A/A,G/G,C/C,A/A,C/C,A/A,G/G,T/T,G/G,C/C,G/G,C/C,T/T,G/G,G/G,A/A,T/T,G/G,G/G,C/C,T/T,G/G,A/A,G/G,A/A,T/T,C/C,T/T,G/G,T/T,C/C,C/C,C/C,A/A,A/A,T/T,A/A,T/T,G/G,G/G,A/A,T/T,C/C
BLUE BELLE,Trop,C/C,A/A,A/A,C/C,C/C,T/T,A/A,C/C,T/T,A/A,C/C,C/C,A/A,T/T,G/G,T/T,A/A,C/C,A/A,A/A,A/A,A/A,A/A,T/T,G/G,T/T,G/G,T/T,T/T,G/G,A/A,G/G,G/G,G/G,C/C,C/C,T/T,T/T,G/G,T/T,T/T,T/T,T/T,G/G,C/C,G/G,C/C,T/T,A/A,C/C,A/A,T/T,A/A,A/A,C/C,A/A,C/C,G/G,G/G,A/A,A/A,C/C,G/G,T/T,T/T,T/T,T/T,T/T,C/C,G/G,T/T,G/G,G/G,C/C,T/T,C/C,A/A,G/G,T/T,A/A,A/A,G/G,C/C,A/A,A/A,A/A,T/T,C/C,A/A,G/G,A/A,A/A,T/T,T/T,A/A,G/G,G/G,A/A,A/A,G/G,G/G,G/G,A/A,C/C,C/C,G/G,C/C,A/A,G/G,T/T,T/T,G/G,G/G,T/T,T/T,A/A,C/C,G/G,A/A,T/T,T/T,A/A,G/G,G/G,T/T,C/C,C/C,G/G,G/G,C/C,C/C,G/G,G/G,T/T,A/A,C/C,A/A,A/A,T/T,G/G,A/A,A/A,T/T,A/A,C/C,C/C,C/C,G/G,T/T,G/G,C/C,T/T,T/T,G/G,T/T,G/G,G/G,A/A,A/A,G/G,C/C,T/T,C/C,A/A,A/A,A/A,A/A,A/A,G/G,A/A,A/A,C/C,C/C,G/G,A/A,G/G,C/C,A/A,A/A,T/T,G/G,G/G,C/C,G/G,G/G,T/T,A/A,G/G,A/A,A/A,A/A,A/A,T/T,C/C,G/G,T/T,T/T,T/T,T/T,A/A,C/C,G/G,T/T,C/C,C/C,C/C,C/C,T/T,C/C,C/C,C/C,A/A,G/G,G/G,G/G,T/T,C/C,T/T,A/A,G/G,C/C,G/G,T/T,C/C,A/A,A/A,G/G,G/G,C/C,T/T,T/T,C/C,G/G,C/C,G/G,G/G,T/T,A/A,G/G,T/T,T/T,G/G,C/C,T/T,T/T,G/G,G/G,T/T,G/G,T/T,A/A,C/C,T/T,G/G,C/C,-/-,T/T,G/G,C/C,C/C,G/G,C/C,C/C,C/C,G/G,C/C,A/A,G/G,G/G,T/T,A/A,C/C,C/C,C/C,C/C,G/G,T/T,C/C,G/G,A/A,G/G,G/G,T/T,A/A,A/A,C/C,C/C,A/A,C/C,G/G,G/G,T/T,C/C,A/A,A/A,T/T,G/G,A/A,T/T,T/T,C/C,A/A,G/G,C/C,A/A,T/T,A/A,C/C,T/T,A/A,G/G,G/G,A/A,T/T,A/A,T/T,A/A,A/A,G/G,A/A,A/A,T/T,G/G,A/A,C/C,G/G,T/T,T/T,T/T,A/A,A/A,G/G,C/C,A/A,C/C,A/A,G/G,T/T,A/A,T/T,G/G,C/C,T/T,G/G,-/-,A/A,T/T,G/G,G/G,C/C,T/T,G/G,A/A,G/G,A/A,T/T,C/C,T/T,G/G,C/C,C/C,C/C,C/C,A/A,A/A,T/T,A/A,T/T,G/G,G/G,A/A,T/T,C/C
JARIYU,Ind,T/T,C/C,A/A,C/C,T/T,T/T,G/G,A/A,C/C,G/G,T/T,T/T,T/T,C/C,A/A,C/C,G/G,C/C,A/A,A/A,G/G,G/G,G/G,C/C,A/A,T/T,A/A,T/T,C/C,T/T,G/G,C/C,A/A,A/A,G/G,T/T,C/C,C/C,A/A,C/C,C/C,C/C,G/G,G/G,C/C,G/G,T/T,C/C,G/G,T/T,G/G,G/G,T/T,G/G,T/T,G/G,G/G,T/T,A/A,C/C,T/T,C/C,A/A,G/G,C/C,G/G,T/T,A/A,G/G,A/A,C/C,G/G,G/G,G/G,C/C,T/T,A/A,A/A,C/C,T/T,T/T,A/A,C/C,G/G,G/G,T/T,C/C,C/C,C/C,A/A,G/G,T/T,T/T,C/C,G/G,A/A,G/G,A/A,C/C,G/G,A/A,G/G,G/G,T/T,T/T,C/C,T/T,G/G,G/G,C/C,C/C,A/A,C/C,A/A,T/T,G/G,A/A,A/A,T/T,T/T,T/T,A/A,G/G,G/G,C/C,G/G,T/T,G/G,G/G,A/A,T/T,A/A,G/G,T/T,G/G,G/G,T/T,G/G,C/C,G/G,C/C,C/C,C/C,C/C,T/T,T/T,T/T,T/T,T/T,G/G,T/T,C/C,T/T,T/T,G/G,G/G,A/A,G/G,G/G,C/C,C/C,C/C,C/C,A/A,A/A,A/A,T/T,T/T,G/G,A/A,G/G,A/A,T/T,G/G,G/G,A/A,T/T,G/G,A/A,T/T,C/C,A/A,C/C,T/T,A/A,-/-,G/G,A/A,A/A,G/G,T/T,C/C,T/T,-/-,G/G,C/C,G/G,C/C,A/A,T/T,T/T,A/A,A/A,C/C,C/C,-/-,C/C,C/C,T/T,T/T,T/T,A/A,G/G,G/G,A/A,C/C,T/T,G/G,G/G,A/A,T/T,A/A,C/C,T/T,T/T,C/C,C/C,C/C,T/T,A/A,A/A,T/T,A/A,A/A,C/C,A/A,T/T,T/T,A/A,C/C,C/C,G/G,C/C,G/G,C/C,T/T,-/-,C/C,C/C,G/G,G/G,C/C,T/T,G/G,C/C,G/G,C/C,A/A,C/C,C/C,G/G,G/G,G/G,C/C,G/G,T/T,A/A,G/G,G/G,T/T,G/G,A/A,A/A,T/T,T/T,C/C,C/C,T/T,C/C,-/-,C/C,A/A,C/C,G/G,G/G,A/A,T/T,G/G,A/A,A/A,C/C,C/C,A/A,G/G,G/G,A/A,G/G,A/A,C/C,T/T,C/C,A/A,G/G,C/C,A/A,T/T,T/T,C/C,C/C,G/G,A/A,A/A,G/G,T/T,A/A,A/A,T/T,T/T,G/G,G/G,C/C,T/T,G/G,G/G,C/C,C/C,C/C,C/C,A/A,G/G,G/G,A/A,T/T,G/G,T/T,T/T,A/A,G/G,G/G,C/C,G/G,T/T,G/G,G/G,C/C,-/-,C/C,G/G,A/A,A/A,A/A,G/G,C/C,A/A,G/G,G/G,C/C,T/T,G/G,C/C,C/C,C/C,C/C,G/G,G/G,C/C,A/A,C/C,G/G,A/A,A/A,C/C,A/A
DHALASHAITA,Aus,T/T,C/C,A/A,C/C,T/T,C/C,G/G,A/A,C/C,G/G,T/T,T/T,T/T,C/C,A/A,C/C,G/G,C/C,A/A,A/A,G/G,G/G,G/G,C/C,A/A,T/T,A/A,T/T,C/C,T/T,G/G,C/C,A/A,A/A,G/G,T/T,C/C,C/C,A/A,C/C,C/C,C/C,G/G,G/G,T/T,G/G,T/T,C/C,G/G,T/T,G/G,G/G,T/T,G/G,T/T,G/G,G/G,T/T,A/A,C/C,T/T,-/-,G/G,G/G,C/C,G/G,T/T,A/A,G/G,A/A,C/C,G/G,A/A,G/G,C/C,T/T,T/T,G/G,C/C,A/A,T/T,A/A,T/T,G/G,G/G,T/T,C/C,T/T,C/C,A/A,G/G,T/T,T/T,C/C,G/G,A/A,G/G,A/A,C/C,T/T,A/A,G/G,G/G,T/T,T/T,C/C,T/T,G/G,T/T,C/C,C/C,A/A,C/C,A/A,T/T,G/G,A/A,A/A,A/A,T/T,C/C,A/A,G/G,G/G,C/C,G/G,T/T,G/G,G/G,A/A,T/T,A/A,C/C,A/A,A/A,G/G,T/T,G/G,C/C,G/G,C/C,C/C,C/C,C/C,T/T,C/C,C/C,T/T,T/T,G/G,C/C,T/T,T/T,T/T,G/G,G/G,A/A,G/G,G/G,C/C,C/C,C/C,T/T,T/T,G/G,T/T,T/T,A/A,G/G,A/A,G/G,A/A,T/T,G/G,G/G,A/A,T/T,G/G,T/T,T/T,C/C,A/A,C/C,T/T,A/A,C/C,G/G,A/A,T/T,G/G,T/T,A/A,T/T,C/C,G/G,C/C,G/G,C/C,A/A,T/T,T/T,A/A,A/A,T/T,C/C,G/G,T/T,C/C,T/T,T/T,T/T,A/A,G/G,A/A,A/A,C/C,T/T,T/T,G/G,A/A,T/T,G/G,C/C,T/T,T/T,C/C,G/G,C/C,T/T,A/A,A/A,C/C,A/A,A/A,C/C,A/A,T/T,T/T,A/A,C/C,C/C,G/G,C/C,G/G,C/C,T/T,A/A,C/C,C/C,G/G,-/-,C/C,T/T,G/G,C/C,G/G,C/C,A/A,C/C,C/C,A/A,G/G,G/G,C/C,G/G,T/T,G/G,G/G,C/C,T/T,G/G,A/A,A/A,T/T,T/T,C/C,C/C,T/T,C/C,G/G,C/C,A/A,C/C,G/G,G/G,A/A,T/T,G/G,A/A,A/A,C/C,C/C,C/C,G/G,G/G,T/T,G/G,A/A,C/C,G/G,T/T,C/C,A/A,T/T,T/T,A/A,T/T,G/G,C/C,G/G,A/A,A/A,G/G,T/T,A/A,A/A,A/A,T/T,G/G,G/G,C/C,T/T,G/G,G/G,T/T,C/C,T/T,C/C,A/A,G/G,G/G,A/A,T/T,G/G,T/T,T/T,A/A,G/G,G/G,C/C,-/-,C/C,G/G,G/G,C/C,A/A,C/C,G/G,A/A,A/A,A/A,G/G,C/C,A/A,G/G,G/G,C/C,T/T,G/G,C/C,C/C,C/C,C/C,G/G,G/G,T/T,A/A,C/C,A/A,A/A,A/A,C/C,A/A
LAKHI PURI,Aus,T/T,C/C,A/A,C/C,T/T,C/C,G/G,A/A,C/C,G/G,T/T,T/T,T/T,C/C,A/A,C/C,G/G,C/C,A/A,A/A,G/G,G/G,G/G,C/C,A/A,T/T,A/A,T/T,C/C,T/T,G/G,C/C,A/A,A/A,G/G,T/T,C/C,C/C,A/A,C/C,C/C,C/C,G/G,G/G,T/T,G/G,T/T,C/C,G/G,T/T,G/G,G/G,A/A,G/G,T/T,G/G,G/G,T/T,A/A,C/C,T/T,C/C,G/G,G/G,C/C,G/G,T/T,A/A,G/G,A/A,C/C,G/G,A/A,G/G,C/C,T/T,T/T,G/G,C/C,T/T,T/T,A/A,C/C,G/G,G/G,T/T,C/C,T/T,C/C,A/A,G/G,T/T,T/T,C/C,G/G,A/A,G/G,A/A,C/C,T/T,A/A,G/G,G/G,T/T,T/T,C/C,T/T,G/G,G/G,C/C,C/C,A/A,C/C,A/A,T/T,G/G,A/A,A/A,T/T,T/T,C/C,A/A,G/G,G/G,C/C,G/G,T/T,G/G,G/G,A/A,T/T,A/A,C/C,A/A,A/A,C/C,A/A,G/G,C/C,G/G,C/C,C/C,C/C,C/C,T/T,C/C,C/C,T/T,G/G,G/G,C/C,T/T,T/T,T/T,G/G,G/G,A/A,G/G,G/G,C/C,C/C,C/C,T/T,T/T,G/G,T/T,T/T,A/A,G/G,A/A,G/G,A/A,T/T,G/G,G/G,A/A,T/T,G/G,T/T,T/T,C/C,A/A,C/C,T/T,A/A,C/C,G/G,A/A,T/T,G/G,T/T,A/A,T/T,C/C,G/G,C/C,G/G,C/C,A/A,T/T,T/T,A/A,A/A,T/T,C/C,G/G,T/T,C/C,T/T,T/T,T/T,A/A,G/G,A/A,A/A,C/C,T/T,T/T,G/G,A/A,T/T,G/G,C/C,C/C,T/T,C/C,G/G,C/C,T/T,A/A,A/A,C/C,A/A,A/A,C/C,A/A,T/T,T/T,A/A,C/C,C/C,G/G,C/C,G/G,C/C,T/T,-/-,C/C,C/C,G/G,G/G,C/C,T/T,G/G,C/C,-/-,C/C,A/A,C/C,C/C,G/G,G/G,G/G,C/C,G/G,T/T,G/G,G/G,C/C,T/T,G/G,A/A,A/A,T/T,T/T,C/C,C/C,T/T,C/C,G/G,C/C,A/A,C/C,G/G,G/G,A/A,T/T,G/G,A/A,A/A,C/C,C/C,C/C,G/G,G/G,T/T,G/G,A/A,C/C,G/G,T/T,C/C,A/A,T/T,T/T,A/A,T/T,G/G,C/C,G/G,A/A,A/A,G/G,T/T,A/A,A/A,A/A,T/T,G/G,G/G,C/C,T/T,G/G,G/G,T/T,C/C,T/T,C/C,A/A,G/G,G/G,A/A,T/T,G/G,T/T,T/T,A/A,G/G,G/G,C/C,G/G,T/T,G/G,G/G,C/C,A/A,C/C,G/G,A/A,A/A,A/A,G/G,C/C,A/A,G/G,G/G,C/C,G/G,G/G,C/C,C/C,C/C,C/C,G/G,G/G,C/C,A/A,C/C,A/A,A/A,A/A,C/C,A/A
NIPPONBARE,Temp,C/C,C/C,G/G,T/T,C/C,T/T,A/A,C/C,T/T,A/A,C/C,C/C,A/A,T/T,G/G,T/T,A/A,A/A,G/G,A/A,A/A,A/A,A/A,T/T,G/G,G/G,G/G,C/C,T/T,G/G,A/A,G/G,G/G,A/A,C/C,C/C,T/T,T/T,G/G,T/T,T/T,T/T,T/T,A/A,C/C,A/A,C/C,T/T,A/A,C/C,A/A,T/T,A/A,A/A,C/C,A/A,C/C,G/G,G/G,A/A,A/A,G/G,G/G,T/T,T/T,T/T,C/C,T/T,C/C,G/G,T/T,A/A,G/G,C/C,T/T,C/C,A/A,G/G,T/T,A/A,A/A,G/G,C/C,A/A,G/G,T/T,C/C,C/C,A/A,G/G,A/A,A/A,C/C,T/T,A/A,A/A,A/A,G/G,C/C,G/G,G/G,A/A,A/A,C/C,C/C,G/G,C/C,A/A,G/G,T/T,T/T,G/G,G/G,T/T,A/A,A/A,C/C,G/G,A/A,C/C,T/T,T/T,G/G,A/A,T/T,C/C,C/C,C/C,T/T,C/C,C/C,G/G,G/G,T/T,A/A,C/C,A/A,A/A,T/T,A/A,A/A,A/A,T/T,C/C,C/C,C/C,C/C,G/G,T/T,A/A,C/C,T/T,T/T,G/G,T/T,T/T,G/G,A/A,G/G,C/C,A/A,T/T,C/C,A/A,A/A,A/A,T/T,A/A,C/C,G/G,A/A,C/C,C/C,A/A,A/A,G/G,C/C,A/A,A/A,C/C,G/G,G/G,A/A,T/T,G/G,T/T,A/A,G/G,A/A,A/A,A/A,A/A,T/T,C/C,G/G,T/T,T/T,T/T,T/T,A/A,C/C,G/G,T/T,C/C,C/C,C/C,C/C,T/T,T/T,C/C,C/C,G/G,A/A,G/G,G/G,T/T,C/C,T/T,A/A,G/G,C/C,G/G,T/T,C/C,A/A,A/A,G/G,G/G,C/C,T/T,T/T,C/C,G/G,C/C,G/G,G/G,C/C,A/A,G/G,T/T,T/T,C/C,T/T,T/T,T/T,G/G,G/G,T/T,G/G,T/T,A/A,T/T,A/A,A/A,T/T,A/A,T/T,G/G,G/G,T/T,G/G,C/C,C/C,C/C,T/T,C/C,A/A,G/G,G/G,T/T,A/A,C/C,C/C,C/C,C/C,G/G,T/T,C/C,G/G,A/A,G/G,A/A,T/T,A/A,A/A,C/C,C/C,A/A,C/C,G/G,G/G,T/T,C/C,A/A,A/A,T/T,G/G,C/C,C/C,T/T,C/C,A/A,G/G,C/C,A/A,T/T,A/A,C/C,T/T,A/A,G/G,G/G,A/A,G/G,T/T,T/T,A/A,A/A,G/G,A/A,A/A,C/C,A/A,A/A,C/C,G/G,T/T,T/T,T/T,A/A,A/A,G/G,C/C,A/A,C/C,A/A,G/G,G/G,A/A,T/T,T/T,C/C,T/T,C/C,C/C,T/T,T/T,A/A,G/G,C/C,T/T,G/G,A/A,G/G,A/A,T/T,T/T,T/T,A/A,T/T,T/T,G/G,T/T,A/A,A/A,T/T,G/G,T/T,G/G,G/G,G/G,T/T,C/C
WIR3419,Aro,C/C,C/C,A/A,T/T,C/C,C/C,G/G,C/C,C/C,G/G,T/T,C/C,T/T,C/C,A/A,T/T,A/A,C/C,A/A,A/A,G/G,A/A,G/G,T/T,G/G,T/T,A/A,T/T,T/T,G/G,A/A,G/G,G/G,A/A,C/C,C/C,T/T,T/T,G/G,C/C,C/C,C/C,G/G,G/G,C/C,G/G,C/C,C/C,G/G,T/T,G/G,T/T,A/A,A/A,C/C,A/A,C/C,G/G,G/G,C/C,T/T,G/G,G/G,T/T,C/C,G/G,T/T,A/A,C/C,G/G,T/T,A/A,G/G,C/C,T/T,C/C,T/T,G/G,C/C,T/T,A/A,G/G,C/C,G/G,G/G,T/T,C/C,C/C,C/C,A/A,A/A,A/A,C/C,T/T,A/A,G/G,G/G,G/G,A/A,G/G,G/G,G/G,A/A,C/C,T/T,G/G,C/C,A/A,-/-,T/T,C/C,G/G,G/G,T/T,T/T,A/A,C/C,G/G,A/A,T/T,C/C,A/A,A/A,G/G,C/C,G/G,T/T,G/G,G/G,A/A,T/T,A/A,C/C,T/T,A/A,C/C,A/A,G/G,C/C,G/G,C/C,A/A,C/C,C/C,C/C,C/C,C/C,G/G,T/T,G/G,C/C,T/T,T/T,T/T,T/T,G/G,G/G,A/A,G/G,C/C,C/C,T/T,C/C,A/A,A/A,A/A,T/T,A/A,G/G,A/A,A/A,C/C,C/C,A/A,G/G,G/G,C/C,A/A,A/A,C/C,G/G,A/A,C/C,T/T,A/A,C/C,G/G,G/G,A/A,G/G,T/T,A/A,T/T,C/C,G/G,C/C,G/G,C/C,A/A,T/T,C/C,G/G,A/A,T/T,C/C,-/-,C/C,T/T,T/T,T/T,T/T,A/A,G/G,G/G,A/A,T/T,C/C,T/T,A/A,G/G,C/C,G/G,T/T,C/C,A/A,-/-,G/G,G/G,C/C,T/T,T/T,C/C,A/A,C/C,G/G,G/G,C/C,A/A,G/G,T/T,C/C,G/G,T/T,G/G,T/T,G/G,G/G,C/C,C/C,G/G,G/G,C/C,T/T,G/G,C/C,G/G,C/C,A/A,C/C,T/T,G/G,C/C,C/C,C/C,G/G,T/T,A/A,G/G,G/G,T/T,A/A,C/C,C/C,C/C,C/C,G/G,T/T,C/C,G/G,G/G,G/G,A/A,C/C,A/A,G/G,C/C,C/C,A/A,C/C,G/G,G/G,T/T,C/C,A/A,G/G,T/T,G/G,C/C,T/T,T/T,C/C,A/A,G/G,C/C,T/T,A/A,T/T,G/G,T/T,A/A,A/A,A/A,A/A,T/T,A/A,T/T,A/A,A/A,G/G,A/A,A/A,C/C,A/A,A/A,C/C,G/G,T/T,T/T,T/T,A/A,A/A,G/G,C/C,A/A,C/C,A/A,G/G,G/G,A/A,T/T,G/G,T/T,T/T,G/G,C/C,A/A,C/C,A/A,G/G,C/C,T/T,G/G,C/C,A/A,G/G,G/G,C/C,G/G,G/G,C/C,C/C,C/C,C/C,A/A,A/A,T/T,A/A,C/C,G/G,G/G,A/A,C/C,C/C
SUGDASI MONA,Aro,C/C,C/C,A/A,C/C,C/C,C/C,G/G,C/C,C/C,G/G,T/T,C/C,T/T,C/C,A/A,-/-,A/A,C/C,A/A,A/A,G/G,A/A,G/G,T/T,G/G,T/T,A/A,T/T,T/T,G/G,A/A,G/G,G/G,A/A,C/C,C/C,T/T,T/T,G/G,C/C,C/C,C/C,G/G,G/G,C/C,G/G,T/T,C/C,G/G,T/T,G/G,T/T,A/A,-/-,C/C,A/A,C/C,-/-,G/G,C/C,T/T,G/G,G/G,T/T,T/T,G/G,T/T,A/A,C/C,G/G,T/T,G/G,G/G,C/C,T/T,C/C,T/T,G/G,C/C,T/T,A/A,A/A,C/C,G/G,G/G,T/T,C/C,C/C,C/C,G/G,A/A,A/A,C/C,T/T,A/A,G/G,G/G,G/G,A/A,G/G,G/G,G/G,A/A,C/C,T/T,G/G,C/C,A/A,G/G,C/C,T/T,G/G,G/G,T/T,T/T,A/A,-/-,G/G,A/A,T/T,T/T,A/A,A/A,A/A,C/C,C/C,T/T,G/G,G/G,C/C,C/C,A/A,-/-,A/A,G/G,C/C,A/A,A/A,C/C,G/G,A/A,C/C,C/C,C/C,C/C,C/C,C/C,G/G,T/T,G/G,C/C,T/T,T/T,G/G,T/T,G/G,A/A,G/G,G/G,C/C,C/C,T/T,C/C,A/A,A/A,A/A,T/T,A/A,G/G,A/A,A/A,C/C,C/C,G/G,G/G,A/A,C/C,A/A,A/A,T/T,G/G,A/A,C/C,T/T,A/A,-/-,A/A,G/G,A/A,-/-,T/T,A/A,T/T,C/C,G/G,C/C,G/G,C/C,A/A,T/T,C/C,G/G,A/A,C/C,C/C,C/C,T/T,C/C,T/T,T/T,T/T,A/A,G/G,G/G,A/A,T/T,C/C,T/T,A/A,G/G,C/C,G/G,-/-,C/C,A/A,C/C,G/G,C/C,C/C,T/T,T/T,C/C,A/A,C/C,G/G,G/G,C/C,A/A,-/-,T/T,C/C,G/G,T/T,G/G,T/T,G/G,G/G,C/C,C/C,G/G,G/G,C/C,T/T,G/G,C/C,G/G,C/C,G/G,C/C,T/C,G/G,C/C,-/-,C/C,G/G,T/T,G/G,G/G,G/G,T/T,A/A,C/C,C/C,C/C,C/C,G/G,T/T,C/C,G/G,G/G,G/G,A/A,C/C,A/A,G/G,C/C,C/C,A/A,C/C,G/G,G/G,T/T,C/C,A/A,-/-,T/T,G/G,A/A,C/C,T/T,C/C,A/A,G/G,-/-,T/T,A/A,T/T,G/G,T/T,A/A,A/A,A/A,G/G,T/T,A/A,T/T,A/A,T/T,G/G,A/A,A/A,T/T,G/G,A/A,C/C,G/G,T/T,T/T,T/T,A/A,A/A,G/G,C/C,A/A,C/C,A/A,G/G,G/G,A/A,T/T,G/G,T/T,T/T,G/G,C/C,A/A,C/C,G/G,G/G,C/C,T/T,G/G,C/C,A/A,G/G,G/G,C/C,T/T,G/G,C/C,C/C,C/C,C/C,A/A,A/A,T/T,G/G,T/T,G/G,G/G,A/A,C/C,C/C
NORIN 6,Temp,C/C,C/C,G/G,T/T,C/C,T/T,A/A,C/C,T/T,A/A,C/C,C/C,A/A,T/T,G/G,T/T,A/A,A/A,G/G,A/A,A/A,A/A,A/A,T/T,G/G,G/G,G/G,C/C,T/T,G/G,A/A,G/G,G/G,A/A,C/C,C/C,T/T,T/T,G/G,T/T,T/T,T/T,T/T,A/A,C/C,A/A,C/C,T/T,A/A,C/C,A/A,T/T,A/A,A/A,C/C,A/A,C/C,G/G,G/G,A/A,A/A,G/G,G/G,T/T,T/T,T/T,C/C,T/T,C/C,G/G,T/T,A/A,G/G,C/C,T/T,C/C,A/A,G/G,T/T,A/A,A/A,G/G,C/C,A/A,G/G,T/T,C/C,C/C,A/A,G/G,A/A,A/A,C/C,T/T,A/A,A/A,A/A,G/G,C/C,G/G,G/G,A/A,A/A,C/C,C/C,G/G,C/C,A/A,G/G,T/T,T/T,G/G,G/G,T/T,T/T,A/A,C/C,G/G,A/A,C/C,T/T,A/A,A/A,A/A,T/T,C/C,C/C,C/C,T/T,C/C,C/C,G/G,G/G,T/T,A/A,C/C,A/A,A/A,T/T,A/A,A/A,A/A,T/T,C/C,C/C,C/C,C/C,G/G,T/T,A/A,C/C,T/T,T/T,G/G,T/T,T/T,G/G,A/A,G/G,C/C,A/A,T/T,C/C,A/A,A/A,A/A,T/T,A/A,C/C,G/G,A/A,C/C,C/C,A/A,A/A,G/G,C/C,A/A,A/A,C/C,G/G,G/G,A/A,T/T,G/G,T/T,A/A,G/G,A/A,A/A,A/A,A/A,T/T,C/C,G/G,T/T,T/T,T/T,T/T,A/A,C/C,G/G,T/T,C/C,C/C,C/C,C/C,T/T,T/T,C/C,C/C,G/G,A/A,G/G,G/G,T/T,C/C,T/T,A/A,G/G,C/C,G/G,T/T,C/C,A/A,A/A,G/G,G/G,C/C,T/T,T/T,C/C,G/G,C/C,G/G,G/G,C/C,A/A,G/G,T/T,T/T,C/C,T/T,T/T,T/T,G/G,G/G,T/T,G/G,T/T,A/A,T/T,A/A,A/A,T/T,A/A,T/T,G/G,G/G,T/T,G/G,C/C,C/C,C/C,T/T,C/C,A/A,G/G,G/G,T/T,A/A,C/C,C/C,C/C,C/C,G/G,T/T,C/C,G/G,A/A,G/G,A/A,T/T,A/A,A/A,C/C,C/C,A/A,C/C,G/G,G/G,T/T,C/C,A/A,A/A,T/T,G/G,C/C,C/C,T/T,C/C,A/A,G/G,C/C,A/A,T/T,A/A,C/C,T/T,A/A,G/G,G/G,A/A,G/G,T/T,T/T,A/A,A/A,G/G,A/A,A/A,C/C,A/A,A/A,C/C,G/G,T/T,T/T,T/T,A/A,A/A,G/G,C/C,A/A,C/C,A/A,G/G,G/G,A/A,T/T,T/T,C/C,T/T,C/C,C/C,T/T,T/T,A/A,G/G,C/C,T/T,G/G,A/A,G/G,A/A,T/T,T/T,T/T,A/A,T/T,T/T,G/G,T/T,A/A,A/A,T/T,G/G,T/T,G/G,G/G,G/G,T/T,C/C
SUWON,Temp,C/C,A/A,A/A,C/C,C/C,T/T,A/A,C/C,T/T,A/A,C/C,C/C,A/A,T/T,G/G,T/T,A/A,C/C,A/A,A/A,A/A,A/A,A/A,T/T,G/G,T/G,G/G,T/T,T/T,G/G,A/A,G/G,G/G,A/A,C/C,C/C,T/T,T/T,G/G,T/T,T/T,T/T,T/T,A/A,C/C,A/A,C/C,T/T,A/A,C/C,A/A,T/T,A/A,A/A,C/C,A/A,C/C,G/G,G/G,A/A,A/A,C/C,G/G,T/T,T/T,T/T,C/C,T/T,C/C,G/G,T/T,A/A,G/G,C/C,T/T,C/C,A/A,G/G,T/T,A/A,A/A,G/G,C/C,A/A,A/A,A/A,T/T,C/C,A/A,G/G,A/A,A/A,T/T,T/T,A/A,G/G,G/G,A/A,C/C,G/G,G/G,G/G,A/A,C/C,C/C,G/G,C/C,A/A,G/G,T/T,T/T,G/G,G/G,T/T,T/T,A/A,C/C,G/G,A/A,C/C,T/T,T/T,G/G,A/A,T/T,C/C,C/C,C/C,T/T,C/C,C/C,G/G,G/G,T/T,A/A,C/C,A/A,A/A,T/T,G/G,A/A,A/A,T/T,A/A,C/C,C/C,C/C,G/G,G/G,G/G,C/C,T/T,T/T,G/G,T/T,T/T,G/G,A/A,G/G,C/C,A/A,T/T,C/C,A/A,A/A,A/A,T/T,A/A,C/C,G/G,A/A,C/C,C/C,A/A,A/A,G/G,C/C,A/A,A/A,T/T,G/G,G/G,A/A,T/T,G/G,T/T,A/A,G/G,A/A,A/A,A/A,A/A,T/T,C/C,G/G,T/T,T/T,T/T,T/T,A/A,C/C,G/G,T/T,C/C,C/C,C/C,C/C,T/T,C/C,C/C,C/C,G/G,A/A,G/G,G/G,T/T,C/C,T/T,A/A,G/G,C/C,G/G,T/T,C/C,A/A,A/A,G/G,G/G,C/C,T/T,T/T,C/C,G/G,C/C,G/G,G/G,C/C,A/A,G/G,T/T,T/T,C/C,C/C,T/T,T/T,G/G,G/G,T/T,G/G,T/T,A/A,T/T,A/A,A/A,T/T,A/A,T/T,G/G,G/G,T/T,G/G,C/C,C/C,C/C,G/G,C/C,A/A,G/G,G/G,T/T,A/A,C/C,C/C,C/C,C/C,G/G,T/T,C/C,G/G,A/A,G/G,G/G,T/T,A/A,A/A,C/C,C/C,A/A,C/C,G/G,G/G,T/T,C/C,A/A,A/A,T/T,G/G,A/A,T/T,T/T,C/C,A/A,G/G,C/C,A/A,T/T,A/A,C/C,T/T,A/A,G/G,G/G,A/A,G/G,T/T,T/T,A/A,A/A,G/G,A/A,A/A,C/C,A/A,A/A,C/C,G/G,T/T,T/T,T/T,A/A,A/A,G/G,C/C,A/A,C/C,A/A,G/G,G/G,A/A,T/T,T/T,C/C,T/T,G/G,G/G,A/A,T/T,G/G,G/G,C/C,T/T,G/G,A/A,G/G,A/A,T/T,T/T,T/T,A/A,T/T,T/T,G/G,T/T,A/A,A/A,T/T,G/G,T/T,G/G,G/G,G/G,T/T,C/C
GODA HEENATI,Ind,C/C,C/C,A/A,C/C,T/T,T/T,A/A,C/C,C/C,G/G,T/T,C/C,T/T,C/C,A/A,C/C,G/G,C/C,A/A,G/G,G/G,G/G,G/G,T/T,G/G,T/T,A/A,T/T,C/C,T/T,G/G,C/C,A/A,A/A,G/G,T/T,C/C,C/C,A/A,C/C,C/C,C/C,G/G,G/G,C/C,G/G,T/T,C/C,G/G,T/T,G/G,G/G,T/T,G/G,T/T,G/G,G/G,T/T,A/A,C/C,T/T,C/C,G/G,G/G,C/C,G/G,T/T,A/A,G/G,A/A,C/C,G/G,A/A,G/G,C/C,T/T,A/A,A/A,C/C,T/T,T/T,A/A,C/C,G/G,G/G,T/T,C/C,C/C,C/C,A/A,G/G,T/T,T/T,C/C,G/G,A/A,G/G,A/A,C/C,T/T,A/A,G/G,G/G,T/T,T/T,C/C,T/T,G/G,G/G,C/C,C/C,A/A,C/C,A/A,T/T,G/G,A/A,A/A,T/T,T/T,T/T,A/A,-/-,G/G,C/C,G/G,T/T,G/G,G/G,A/A,T/T,A/A,G/G,T/T,G/G,G/G,T/T,G/G,C/C,G/G,C/C,A/A,C/C,C/C,T/T,T/T,T/T,T/T,T/T,G/G,T/T,C/C,A/A,T/T,G/G,G/G,A/A,G/G,G/G,C/C,C/C,C/C,T/T,T/T,A/A,A/A,T/T,A/A,G/G,A/A,G/G,A/A,T/T,G/G,G/G,A/A,T/T,G/G,A/A,T/T,C/C,A/A,C/C,T/T,A/A,C/C,G/G,G/G,A/A,G/G,T/T,C/C,T/T,C/C,A/A,C/C,G/G,C/C,A/A,T/T,T/T,A/A,A/A,C/C,T/T,C/C,C/C,C/C,T/T,T/T,T/T,A/A,G/G,G/G,A/A,C/C,T/T,G/G,G/G,A/A,T/T,G/G,C/C,T/T,T/T,C/C,C/C,C/C,T/T,A/A,A/A,T/T,A/A,C/C,G/G,A/A,T/T,T/T,A/A,C/C,C/C,G/G,C/C,G/G,C/C,T/T,G/G,C/C,C/C,G/G,G/G,C/C,T/T,G/G,C/C,G/G,C/C,A/A,C/C,C/C,G/G,G/G,G/G,T/T,G/G,T/T,G/G,A/A,G/G,G/G,G/G,A/A,C/C,C/C,T/T,C/C,C/C,T/T,C/C,G/G,C/C,A/A,C/C,G/G,G/G,A/A,T/T,G/G,A/A,A/A,C/C,C/C,A/A,G/G,G/G,A/A,A/A,A/A,C/C,G/G,T/T,C/C,A/A,T/T,T/T,A/A,T/T,C/C,C/C,G/G,A/A,A/A,G/G,T/T,A/A,A/A,T/T,T/T,G/G,G/G,C/C,T/T,G/G,G/G,C/C,C/C,C/C,C/C,A/A,G/G,G/G,A/A,T/T,G/G,T/T,T/T,G/G,G/G,G/G,C/C,G/G,T/T,G/G,G/G,C/C,-/-,C/C,G/G,A/A,A/A,A/A,G/G,C/C,A/A,G/G,G/G,C/C,T/T,G/G,C/C,C/C,C/C,C/C,G/G,G/G,C/C,A/A,C/C,G/G,A/A,A/A,C/C,A/A
DANGAR,Aus,T/T,C/C,A/A,C/C,T/T,C/C,G/G,A/A,C/C,G/G,T/T,T/T,-/-,C/C,A/A,T/T,A/A,C/C,-/-,A/A,G/G,G/G,G/G,C/C,A/A,T/T,A/A,T/T,C/C,T/T,G/G,C/C,A/A,A/A,G/G,T/T,C/C,C/C,A/A,C/C,C/C,C/C,G/G,G/G,T/T,G/G,T/T,C/C,G/G,T/T,G/G,G/G,T/T,G/G,T/T,G/G,G/G,T/T,A/A,C/C,T/T,C/C,G/G,G/G,C/C,G/G,T/T,T/T,G/G,A/A,C/C,G/G,A/A,G/G,T/T,T/T,T/T,G/G,C/C,T/T,T/T,A/A,T/T,G/G,G/G,T/T,C/C,T/T,C/C,A/A,G/G,T/T,T/T,C/C,G/G,A/A,G/G,A/A,C/C,T/T,A/A,G/G,A/A,C/C,T/T,C/C,T/T,G/G,G/G,C/C,C/C,A/A,C/C,A/A,T/T,G/G,A/A,A/A,T/T,T/T,C/C,A/A,A/A,G/G,C/C,G/G,T/T,G/G,G/G,A/A,T/T,A/A,C/C,A/A,A/A,G/G,A/A,G/G,C/C,G/G,C/C,A/A,C/C,C/C,T/T,C/C,C/C,T/T,T/T,G/G,C/C,T/T,T/T,T/T,G/G,G/G,A/A,G/G,G/G,C/C,C/C,C/C,T/T,T/T,G/G,T/T,T/T,A/A,G/G,A/A,G/G,A/A,T/T,G/G,G/G,A/A,T/T,G/G,T/T,T/T,C/C,A/A,C/C,T/T,A/A,-/-,G/G,-/-,T/T,G/G,T/T,C/C,T/T,C/C,G/G,C/C,G/G,C/C,A/A,T/T,T/T,A/A,A/A,T/T,C/C,G/G,T/T,C/C,T/T,T/T,T/T,A/A,G/G,A/A,A/A,C/C,T/T,T/T,G/G,A/A,T/T,G/G,C/C,T/T,T/T,C/C,C/C,C/C,T/T,A/A,A/A,C/C,A/A,A/A,C/C,A/A,T/T,T/T,A/A,C/C,C/C,G/G,C/C,G/G,C/C,T/T,-/-,C/C,C/C,G/G,G/G,C/C,T/T,G/G,C/C,G/G,C/C,A/A,C/C,C/C,A/A,G/G,G/G,C/C,G/G,T/T,G/G,G/G,C/C,T/T,G/G,A/A,A/A,T/T,T/T,C/C,C/C,T/T,C/C,G/G,C/C,A/A,C/C,G/G,G/G,A/A,T/T,G/G,A/A,-/-,C/C,C/C,C/C,G/G,G/G,T/T,G/G,A/A,C/C,G/G,T/T,C/C,A/A,T/T,T/T,A/A,T/T,-/-,C/C,G/G,A/A,A/A,G/G,T/T,A/A,A/A,A/A,T/T,G/G,G/G,C/C,T/T,G/G,G/G,C/C,C/C,T/T,C/C,A/A,G/G,G/G,A/A,T/T,G/G,T/T,T/T,A/A,G/G,G/G,C/C,G/G,T/T,G/G,G/G,C/C,A/A,C/C,G/G,A/A,A/A,A/A,G/G,A/A,G/G,G/G,G/G,C/C,G/G,G/G,C/C,C/C,C/C,C/C,G/G,G/G,C/C,A/A,C/C,G/G,A/A,A/A,C/C,A/A
BAKILIKINDA,Trop,C/C,A/A,A/A,C/C,C/C,T/T,A/A,C/C,T/T,A/A,C/C,C/C,A/A,T/T,G/G,T/T,A/A,C/C,A/A,A/A,A/A,A/A,A/A,T/T,G/G,T/T,-/-,T/T,T/T,G/G,A/A,G/G,G/G,G/G,C/C,C/C,T/T,T/T,G/G,T/T,T/T,T/T,T/T,G/G,C/C,G/G,C/C,T/T,A/A,T/T,A/A,T/T,A/A,A/A,C/C,A/A,C/C,G/G,G/G,A/A,A/A,C/C,G/G,T/T,T/T,T/T,-/-,T/T,C/C,G/G,T/T,G/G,G/G,C/C,T/T,C/C,A/A,G/G,T/T,A/A,A/A,G/G,C/C,A/A,A/A,A/A,T/T,C/C,A/A,G/G,A/A,A/A,T/T,T/T,A/A,G/G,G/G,A/A,A/A,G/G,G/G,G/G,A/A,C/C,C/C,G/G,C/C,A/A,G/G,T/T,T/T,G/G,G/G,T/T,T/T,A/A,C/C,G/G,A/A,T/T,T/T,A/A,G/G,A/A,T/T,C/C,-/-,G/G,G/G,C/C,C/C,G/G,G/G,T/T,A/A,C/C,A/A,A/A,T/T,G/G,A/A,A/A,T/T,A/A,C/C,C/C,C/C,G/G,G/G,G/G,C/C,T/T,T/T,G/G,G/G,G/G,G/G,A/A,A/A,G/G,C/C,T/T,C/C,A/A,A/A,A/A,A/A,A/A,G/G,A/A,A/A,C/C,C/C,G/G,A/A,G/G,C/C,A/A,A/A,T/T,G/G,G/G,C/C,G/G,G/G,T/T,A/A,G/G,A/A,A/A,A/A,A/A,T/T,C/C,G/G,T/T,T/T,T/T,T/T,A/A,T/T,-/-,T/T,C/C,C/C,C/C,C/C,T/T,C/C,C/C,C/C,A/A,A/A,G/G,G/G,T/T,C/C,T/T,A/A,G/G,C/C,G/G,C/C,T/T,T/T,C/C,C/C,C/C,C/C,T/T,T/T,C/C,G/G,C/C,G/G,G/G,T/T,A/A,G/G,T/T,T/T,G/G,C/C,T/T,T/T,G/G,G/G,T/T,G/G,T/T,A/A,C/C,T/T,G/G,C/C,G/G,C/C,G/G,C/C,C/C,G/G,C/C,C/C,C/C,G/G,C/C,A/A,G/G,G/G,T/T,A/A,C/C,C/C,C/C,C/C,G/G,T/T,C/C,G/G,A/A,G/G,G/G,T/T,A/A,A/A,C/C,C/C,A/A,C/C,G/G,G/G,T/T,C/C,A/A,A/A,T/T,G/G,A/A,T/T,T/T,C/C,A/A,G/G,C/C,A/A,T/T,A/A,C/C,T/T,A/A,G/G,G/G,A/A,T/T,A/A,T/T,A/A,A/A,G/G,A/A,A/A,C/C,A/A,A/A,C/C,G/G,T/T,T/T,T/T,A/A,A/A,G/G,C/C,A/A,C/C,A/A,G/G,T/T,A/A,T/T,G/G,C/C,T/T,G/G,G/G,A/A,T/T,G/G,G/G,C/C,T/T,G/G,A/A,G/G,A/A,T/T,C/C,T/T,G/G,C/C,C/C,C/C,C/C,A/A,A/A,T/T,G/G,T/T,G/G,G/G,A/A,T/T,C/C
PEGASO,Trop,C/C,C/C,G/G,T/T,C/C,T/T,A/A,C/C,T/T,A/A,C/C,C/C,A/A,T/T,G/G,T/T,A/A,C/C,A/A,A/A,A/A,A/A,A/A,T/T,G/G,T/T,G/G,T/T,T/T,G/G,A/A,G/G,G/G,G/G,C/C,C/C,T/T,T/T,G/G,T/T,T/T,T/T,G/G,G/G,C/C,G/G,C/C,T/T,A/A,T/T,A/A,T/T,A/A,A/A,C/C,A/A,C/C,G/G,G/G,A/A,A/A,G/G,G/G,T/T,T/T,T/T,C/C,T/T,C/C,G/G,T/T,G/G,G/G,C/C,T/T,C/C,A/A,G/G,T/T,A/A,A/A,G/G,C/C,A/A,G/G,T/T,C/C,C/C,A/A,G/G,A/A,A/A,C/C,T/T,A/A,G/G,G/G,A/A,A/A,G/G,G/G,G/G,A/A,C/C,C/C,G/G,C/C,A/A,G/G,T/T,T/T,G/G,G/G,T/T,T/T,A/A,C/C,G/G,A/A,T/T,T/T,A/A,G/G,A/A,T/T,C/C,C/C,C/C,-/-,C/C,C/C,G/G,G/G,T/T,A/A,C/C,A/A,A/A,T/T,A/A,A/A,A/A,T/T,A/A,C/C,C/C,C/C,G/G,T/T,A/A,C/C,T/T,T/T,G/G,T/T,G/G,G/G,A/A,A/A,G/G,C/C,T/T,C/C,A/A,A/A,A/A,A/A,A/A,G/G,A/A,A/A,C/C,C/C,G/G,A/A,G/G,C/C,A/A,A/A,C/C,G/G,G/G,C/C,G/G,G/G,T/T,A/A,G/G,A/A,A/A,A/A,A/A,T/T,C/C,G/G,T/T,T/T,T/T,T/T,A/A,C/C,G/G,T/T,C/C,C/C,C/C,C/C,T/T,T/T,C/C,C/C,G/G,A/A,G/G,G/G,T/T,C/C,T/T,A/A,G/G,C/C,G/G,T/T,C/C,A/A,-/-,G/G,G/G,C/C,T/T,T/T,C/C,G/G,C/C,G/G,G/G,T/T,A/A,G/G,T/T,T/T,C/C,T/T,T/T,T/T,G/G,G/G,T/T,G/G,T/T,A/A,T/T,T/T,G/G,C/C,G/G,C/C,G/G,C/C,C/C,G/G,C/C,C/C,C/C,T/T,C/C,A/A,G/G,G/G,T/T,A/A,C/C,C/C,C/C,C/C,G/G,T/T,C/C,G/G,A/A,G/G,G/G,T/T,A/A,A/A,C/C,C/C,A/A,C/C,G/G,G/G,T/T,C/C,A/A,A/A,T/T,G/G,A/A,T/T,T/T,C/C,A/A,G/G,C/C,A/A,T/T,A/A,C/C,T/T,A/A,G/G,G/G,A/A,T/T,A/A,T/T,A/A,A/A,G/G,A/A,A/A,C/C,A/A,A/A,C/C,G/G,T/T,T/T,T/T,A/A,A/A,G/G,C/C,A/A,C/C,A/A,G/G,G/G,A/A,T/T,T/T,C/C,T/T,G/G,C/C,A/A,T/T,G/G,G/G,C/C,T/T,G/G,A/A,G/G,A/A,T/T,C/C,T/T,G/G,C/C,C/C,C/C,C/C,A/A,A/A,T/T,A/A,T/T,G/G,G/G,G/G,T/T,C/C
RAM TULASI,Aro,C/C,C/C,A/A,C/C,C/C,C/C,G/G,C/C,C/C,G/G,T/T,T/T,T/T,T/T,A/A,T/T,A/A,C/C,A/A,A/A,G/G,G/G,G/G,T/T,A/A,T/T,A/A,T/T,T/T,G/G,A/A,G/G,G/G,A/A,C/C,C/C,T/T,T/T,G/G,C/C,C/C,C/C,T/T,G/G,C/C,G/G,C/C,C/C,G/G,T/T,A/A,T/T,A/A,A/A,C/C,A/A,C/C,G/G,G/G,C/C,T/T,C/C,G/G,T/T,T/T,T/T,T/T,A/A,C/C,G/G,T/T,G/G,G/G,C/C,T/T,C/C,T/T,G/G,C/C,T/T,T/T,A/A,T/T,A/A,G/G,T/T,C/C,T/T,C/C,A/A,A/A,A/A,C/C,T/T,A/A,G/G,G/G,G/G,C/C,G/G,G/G,G/G,G/G,C/C,T/T,G/G,C/C,A/A,G/G,C/C,C/C,A/A,C/C,T/T,T/T,A/A,C/C,G/G,A/A,T/T,C/C,A/A,G/G,A/A,C/C,G/G,T/T,G/G,G/G,C/C,C/C,A/A,G/G,T/T,A/A,C/C,A/A,A/A,C/C,G/G,A/A,A/A,C/C,C/C,C/C,C/C,C/C,G/G,T/T,G/G,C/C,T/T,T/T,G/G,T/T,G/G,A/A,A/A,G/G,C/C,C/C,T/T,C/C,A/A,A/A,A/A,T/T,A/A,G/G,A/A,A/A,C/C,C/C,G/G,G/G,G/G,C/C,A/A,A/A,C/C,G/G,A/A,C/C,G/G,A/A,-/-,A/A,G/G,A/A,A/A,T/T,A/A,T/T,C/C,G/G,T/T,G/G,C/C,A/A,T/T,C/C,G/G,A/A,C/C,C/C,G/G,T/T,C/C,T/T,T/T,T/T,A/A,G/G,G/G,A/A,C/C,C/C,T/T,A/A,G/G,C/C,G/G,C/C,C/C,A/A,C/C,G/G,C/C,-/-,T/T,T/T,C/C,A/A,C/C,G/G,G/G,C/C,A/A,G/G,T/T,C/C,G/G,C/C,G/G,T/T,G/G,A/A,C/C,C/C,G/G,-/-,C/C,T/T,G/G,C/C,G/G,C/C,G/G,C/C,T/T,G/G,G/G,G/G,C/C,G/G,T/T,G/G,G/G,G/G,T/T,A/A,C/C,C/C,C/C,C/C,G/G,T/T,C/C,G/G,A/A,G/G,A/A,C/C,G/G,G/G,C/C,C/C,A/A,A/A,A/A,G/G,C/C,A/A,A/A,G/G,T/T,G/G,A/A,T/T,T/T,C/C,A/A,A/A,T/T,T/T,A/A,T/T,G/G,T/T,A/A,G/G,G/G,A/A,T/T,A/A,T/T,A/A,A/A,G/G,G/G,A/A,T/T,G/G,A/A,C/C,G/G,T/T,-/-,T/T,A/A,A/A,G/G,C/C,A/A,C/C,A/A,G/G,G/G,A/A,T/T,G/G,T/T,T/T,G/G,C/C,A/A,C/C,G/G,G/G,C/C,T/T,G/G,C/C,A/A,G/G,G/G,C/C,T/T,G/G,C/C,C/C,C/C,C/C,A/A,A/A,T/T,A/A,T/T,G/G,G/G,A/A,T/T,A/A
AUS 439,Aus,T/T,C/C,A/A,C/C,T/T,C/C,G/G,A/A,C/C,G/G,T/T,T/T,T/T,C/C,G/G,C/C,G/G,C/C,A/A,A/A,G/G,G/G,G/G,C/C,A/A,T/T,A/A,T/T,C/C,T/T,G/G,C/C,A/A,A/A,G/G,T/T,C/C,C/C,A/A,C/C,C/C,C/C,G/G,G/G,T/T,G/G,T/T,C/C,G/G,T/T,G/G,G/G,A/A,G/G,T/T,G/G,G/G,T/T,A/A,C/C,T/T,C/C,G/G,G/G,C/C,G/G,T/T,A/A,G/G,A/A,C/C,G/G,A/A,G/G,C/C,T/T,T/T,G/G,C/C,T/T,T/T,A/A,T/T,G/G,G/G,T/T,C/C,T/T,C/C,A/A,G/G,T/T,T/T,C/C,G/G,A/A,G/G,A/A,C/C,T/T,A/A,G/G,G/G,T/T,T/T,C/C,T/T,G/G,T/T,C/C,C/C,A/A,C/C,A/A,T/T,G/G,A/A,A/A,T/T,T/T,T/T,A/A,A/A,G/G,C/C,G/G,T/T,G/G,G/G,A/A,T/T,A/A,C/C,A/A,A/A,G/G,T/T,G/G,C/C,G/G,C/C,A/A,C/C,C/C,C/C,C/C,C/C,T/T,G/G,G/G,C/C,T/T,T/T,T/T,G/G,G/G,A/A,G/G,G/G,C/C,C/C,C/C,C/C,A/A,A/A,A/A,T/T,A/A,G/G,A/A,G/G,A/A,T/T,G/G,G/G,A/A,T/T,G/G,T/T,T/T,C/C,A/A,C/C,T/T,A/A,C/C,G/G,A/A,T/T,G/G,T/T,A/A,T/T,C/C,G/G,C/C,G/G,C/C,A/A,T/T,T/T,A/A,A/A,T/T,C/C,G/G,T/T,C/C,T/T,T/T,T/T,A/A,G/G,A/A,A/A,C/C,C/C,T/T,G/G,A/A,T/T,G/G,C/C,T/T,T/T,C/C,C/C,C/C,T/T,A/A,A/A,C/C,A/A,A/A,C/C,A/A,T/T,T/T,A/A,C/C,C/C,G/G,C/C,G/G,C/C,T/T,A/A,C/C,C/C,G/G,G/G,C/C,T/T,G/G,C/C,G/G,C/C,A/A,C/C,C/C,A/A,G/G,G/G,C/C,G/G,T/T,G/G,G/G,C/C,T/T,G/G,A/A,A/A,T/T,T/T,C/C,C/C,T/T,C/C,G/G,G/G,A/A,C/C,G/G,G/G,A/A,T/T,G/G,A/A,A/A,C/C,C/C,C/C,G/G,G/G,T/T,G/G,A/A,C/C,G/G,T/T,C/C,A/A,T/T,T/T,A/A,T/T,G/G,C/C,G/G,A/A,A/A,G/G,T/T,A/A,A/A,A/A,T/T,G/G,G/G,C/C,T/T,G/G,G/G,T/T,C/C,T/T,C/C,A/A,G/G,G/G,A/A,T/T,G/G,T/T,T/T,A/A,G/G,G/G,C/C,G/G,T/T,G/G,G/G,C/C,A/A,C/C,G/G,A/A,A/A,A/A,G/G,C/C,A/A,G/G,G/G,C/C,G/G,G/G,C/C,C/C,C/C,C/C,G/G,G/G,C/C,A/A,C/C,A/A,A/A,A/A,C/C,A/A
KETAN LUMBU,Trop,C/C,A/A,A/A,C/C,C/C,T/T,A/A,C/C,T/T,A/A,C/C,C/C,A/A,T/T,G/G,T/T,A/A,C/C,A/A,A/A,A/A,A/A,A/A,T/T,G/G,T/T,G/G,C/C,T/T,G/G,A/A,G/G,G/G,G/G,C/C,C/C,T/T,T/T,G/G,T/T,T/T,T/T,G/G,G/G,C/C,G/G,C/C,T/T,A/A,T/T,A/A,T/T,A/A,A/A,C/C,A/A,C/C,G/G,G/G,A/A,A/A,C/C,G/G,T/T,T/T,T/T,T/T,T/T,G/G,G/G,T/T,G/G,G/G,C/C,T/T,C/C,A/A,G/G,C/C,T/T,A/A,G/G,C/C,A/A,A/A,T/T,T/T,C/C,C/C,A/A,A/A,A/A,T/T,T/T,A/A,G/G,G/G,A/A,A/A,G/G,G/G,G/G,A/A,C/C,C/C,G/G,C/C,A/A,G/G,T/T,T/T,G/G,G/G,T/T,T/T,A/A,C/C,G/G,A/A,T/T,T/T,A/A,G/G,A/A,T/T,C/C,C/C,G/G,G/G,C/C,C/C,A/A,G/G,T/T,A/A,C/C,A/A,A/A,C/C,G/G,A/A,A/A,T/T,A/A,C/C,C/C,C/C,G/G,T/T,G/G,C/C,T/T,T/T,G/G,T/T,G/G,G/G,A/A,G/G,C/C,C/C,T/T,C/C,A/A,A/A,A/A,A/A,A/A,G/G,A/A,A/A,C/C,C/C,G/G,A/A,G/G,C/C,A/A,A/A,T/T,G/G,A/A,A/A,T/T,G/G,T/T,A/A,G/G,A/A,A/A,A/A,A/A,T/T,C/C,-/-,C/C,G/G,C/C,A/A,T/T,C/C,G/G,A/A,C/C,T/T,C/C,C/C,T/T,T/T,T/T,T/T,A/A,G/G,G/G,A/A,T/T,C/C,T/T,A/A,G/G,C/C,A/A,C/C,T/T,T/T,C/C,C/C,C/C,C/C,T/T,T/T,C/C,G/G,C/C,G/G,G/G,C/C,A/A,G/G,T/T,T/T,C/C,C/C,T/T,T/T,G/G,G/G,C/C,G/G,T/T,A/A,T/T,T/T,G/G,C/C,G/G,C/C,G/G,G/G,C/C,G/G,C/C,G/G,C/C,G/G,C/C,A/A,A/A,G/G,T/T,A/A,C/C,C/C,C/C,C/C,G/G,T/T,C/C,G/G,A/A,G/G,G/G,C/C,A/A,G/G,C/C,C/C,A/A,C/C,G/G,G/G,T/T,C/C,A/A,G/G,T/T,G/G,A/A,C/C,T/T,C/C,A/A,G/G,C/C,A/A,T/T,A/A,C/C,T/T,A/A,A/A,G/G,G/G,T/T,T/T,T/T,A/A,A/A,G/G,A/A,C/C,C/C,A/A,A/A,C/C,G/G,T/T,T/T,T/T,A/A,A/A,G/G,C/C,A/A,C/C,A/A,G/G,T/T,A/A,T/T,T/T,C/C,T/T,G/G,G/G,A/A,T/T,G/G,G/G,C/C,T/T,G/G,A/A,G/G,A/A,T/T,C/C,T/T,G/G,C/C,C/C,-/-,C/C,A/A,A/A,C/C,A/A,T/T,G/G,G/G,A/A,T/T,C/C
PALMIRA,Trop,C/C,A/A,A/A,C/C,C/C,T/T,A/A,C/C,T/T,A/A,C/C,C/C,A/A,T/T,G/G,T/T,A/A,C/C,A/A,A/A,A/A,A/A,A/A,T/T,G/G,T/T,G/G,T/T,T/T,G/G,A/A,G/G,G/G,G/G,C/C,C/C,T/T,T/T,G/G,T/T,T/T,T/T,T/T,G/G,C/C,G/G,C/C,T/T,A/A,T/T,A/A,T/T,A/A,A/A,C/C,A/A,C/C,G/G,G/G,A/A,A/A,C/C,G/G,T/T,T/T,T/T,T/T,T/T,C/C,G/G,T/T,G/G,G/G,C/C,T/T,C/C,A/A,G/G,T/T,A/A,A/A,G/G,C/C,A/A,A/A,A/A,T/T,C/C,A/A,G/G,A/A,A/A,T/T,T/T,A/A,G/G,G/G,A/A,A/A,G/G,G/G,G/G,A/A,C/C,C/C,G/G,C/C,A/A,G/G,T/T,T/T,G/G,G/G,T/T,T/T,A/A,C/C,G/G,A/A,T/T,T/T,A/A,G/G,A/A,T/T,C/C,C/C,G/G,G/G,C/C,C/C,G/G,G/G,T/T,A/A,C/C,A/A,A/A,T/T,G/G,A/A,A/A,T/T,A/A,C/C,C/C,C/C,G/G,G/G,G/G,C/C,T/T,T/T,G/G,T/T,G/G,G/G,A/A,A/A,G/G,C/C,T/T,C/C,A/A,A/A,A/A,A/A,A/A,G/G,A/A,A/A,C/C,C/C,G/G,A/A,G/G,C/C,A/A,A/A,T/T,G/G,G/G,C/C,G/G,G/G,T/T,A/A,G/G,A/A,A/A,A/A,A/A,T/T,C/C,G/G,T/T,T/T,T/T,T/T,A/A,C/C,G/G,T/T,C/C,C/C,C/C,C/C,T/T,C/C,C/C,C/C,A/A,G/G,G/G,G/G,T/T,C/C,T/T,A/A,G/G,C/C,G/G,C/C,C/C,A/A,A/A,G/G,G/G,C/C,T/T,T/T,C/C,G/G,C/C,G/G,G/G,T/T,A/A,G/G,T/T,T/T,G/G,C/C,T/T,T/T,G/G,G/G,T/T,G/G,T/T,A/A,C/C,T/T,G/G,C/C,G/G,C/C,G/G,C/C,C/C,G/G,C/C,C/C,C/C,G/G,C/C,A/A,G/G,G/G,T/T,A/A,C/C,C/C,C/C,C/C,G/G,T/T,C/C,G/G,A/A,G/G,G/G,T/T,A/A,A/A,C/C,C/C,A/A,C/C,G/G,G/G,T/T,C/C,A/A,A/A,T/T,G/G,A/A,T/T,T/T,C/C,A/A,G/G,C/C,A/A,T/T,A/A,C/C,T/T,A/A,G/G,G/G,A/A,T/T,A/A,T/T,A/A,A/A,G/G,A/A,A/A,C/C,A/A,A/A,C/C,C/C,T/T,T/T,T/T,A/A,A/A,G/G,C/C,A/A,C/C,A/A,G/G,T/T,A/A,T/T,G/G,C/C,T/T,G/G,G/G,A/A,T/T,G/G,G/G,C/C,T/T,G/G,A/A,G/G,A/A,T/T,C/C,T/T,G/G,C/C,C/C,C/C,C/C,A/A,A/A,T/T,A/A,C/C,G/G,G/G,A/A,T/T,C/C
MOYNA MOTI,Aus,T/T,C/C,A/A,C/C,T/T,C/C,G/G,A/A,C/C,G/G,T/T,T/T,T/T,C/C,A/A,C/C,G/G,C/C,A/A,A/A,G/G,G/G,G/G,C/C,A/A,T/T,A/A,T/T,C/C,T/T,G/G,C/C,A/A,A/A,G/G,T/T,C/C,C/C,A/A,C/C,C/C,C/C,G/G,G/G,T/T,G/G,T/T,C/C,G/G,T/T,G/G,G/G,T/T,G/G,T/T,G/G,G/G,T/T,A/A,C/C,T/T,C/C,G/G,G/G,C/C,G/G,T/T,A/A,G/G,A/A,C/C,G/G,G/G,G/G,C/C,T/T,T/T,G/G,C/C,T/T,T/T,A/A,T/T,G/G,G/G,T/T,C/C,T/T,C/C,A/A,G/G,T/T,T/T,C/C,G/G,A/A,G/G,A/A,C/C,T/T,A/A,G/G,G/G,T/T,T/T,C/C,T/T,G/G,T/T,C/C,C/C,A/A,C/C,A/A,T/T,G/G,A/A,A/A,T/T,T/T,C/C,A/A,A/A,G/G,C/C,G/G,T/T,G/G,G/G,A/A,T/T,A/A,C/C,A/A,A/A,G/G,A/A,G/G,C/C,G/G,C/C,C/C,C/C,C/C,T/T,C/C,C/C,T/T,T/T,G/G,C/C,T/T,T/T,T/T,G/G,G/G,A/A,G/G,G/G,C/C,C/C,C/C,T/T,T/T,G/G,T/T,T/T,A/A,G/G,A/A,G/G,A/A,T/T,G/G,G/G,A/A,T/T,G/G,T/T,T/T,C/C,A/A,C/C,T/T,A/A,C/C,G/G,A/A,T/T,G/G,T/T,A/A,T/T,C/C,G/G,C/C,G/G,C/C,A/A,T/T,T/T,A/A,A/A,T/T,C/C,G/G,T/T,C/C,T/T,T/T,T/T,A/A,G/G,A/A,A/A,C/C,T/T,T/T,G/G,A/A,T/T,A/A,C/C,T/T,T/T,C/C,C/C,C/C,T/T,A/A,T/T,T/T,A/A,C/C,C/C,A/A,T/T,T/T,A/A,C/C,C/C,G/G,C/C,G/G,C/C,T/T,-/-,C/C,C/C,G/G,G/G,C/C,T/T,G/G,C/C,G/G,C/C,A/A,C/C,C/C,G/G,G/G,G/G,C/C,G/G,T/T,G/G,G/G,C/C,T/T,G/G,A/A,A/A,T/T,T/T,C/C,C/C,T/T,C/C,G/G,G/G,A/A,C/C,G/G,G/G,A/A,T/T,G/G,A/A,A/A,C/C,C/C,C/C,G/G,G/G,T/T,G/G,A/A,C/C,G/G,T/T,C/C,A/A,T/T,T/T,A/A,T/T,-/-,C/C,G/G,A/A,A/A,G/G,T/T,A/A,A/A,A/A,T/T,G/G,G/G,C/C,T/T,G/G,G/G,T/T,C/C,C/C,C/C,A/A,G/G,G/G,A/A,T/T,G/G,T/T,T/T,A/A,G/G,G/G,C/C,-/-,T/T,G/G,G/G,C/C,A/A,C/C,G/G,A/A,A/A,A/A,G/G,C/C,A/A,G/G,G/G,C/C,T/T,G/G,C/C,C/C,C/C,C/C,G/G,G/G,T/T,A/A,C/C,A/A,A/A,A/A,C/C,A/A
JEOKMOSAEK,Temp,C/C,C/C,G/G,T/T,C/C,T/T,A/A,C/C,T/T,A/A,C/C,C/C,A/A,T/T,G/G,T/T,A/A,A/A,G/G,A/A,A/A,A/A,A/A,T/T,G/G,T/T,G/G,C/C,T/T,G/G,A/A,G/G,G/G,A/A,C/C,C/C,T/T,T/T,G/G,T/T,T/T,T/T,T/T,A/A,C/C,A/A,C/C,T/T,A/A,C/C,A/A,T/T,A/A,A/A,C/C,A/A,C/C,G/G,G/G,A/A,A/A,G/G,G/G,T/T,T/T,T/T,C/C,T/T,C/C,G/G,T/T,-/-,G/G,C/C,T/T,C/C,A/A,G/G,T/T,A/A,A/A,G/G,C/C,A/A,G/G,T/T,C/C,C/C,A/A,G/G,A/A,A/A,C/C,T/T,A/A,A/A,A/A,G/G,C/C,G/G,G/G,A/A,A/A,C/C,C/C,G/G,C/C,A/A,G/G,T/T,T/T,G/G,G/G,T/T,T/T,A/A,C/C,G/G,A/A,C/C,T/T,T/T,A/A,A/A,T/T,-/-,C/C,C/C,T/T,C/C,C/C,G/G,G/G,T/T,A/A,C/C,A/A,A/A,T/T,A/A,A/A,A/A,T/T,C/C,C/C,C/C,C/C,G/G,T/T,A/A,C/C,T/T,T/T,G/G,T/T,T/T,G/G,A/A,G/G,C/C,A/A,T/T,C/C,A/A,A/A,A/A,T/T,A/A,C/C,G/G,A/A,C/C,C/C,A/A,A/A,G/G,C/C,A/A,A/A,C/C,G/G,G/G,A/A,T/T,G/G,T/T,A/A,G/G,A/A,A/A,A/A,A/A,T/T,C/C,G/G,T/T,T/T,T/T,T/T,A/A,C/C,G/G,T/T,C/C,C/C,C/C,C/C,T/T,T/T,C/C,C/C,G/G,A/A,G/G,G/G,T/T,C/C,T/T,A/A,G/G,C/C,G/G,T/T,C/C,A/A,-/-,G/G,G/G,C/C,T/T,T/T,C/C,G/G,C/C,G/G,G/G,C/C,A/A,G/G,T/T,T/T,C/C,T/T,T/T,T/T,G/G,G/G,T/T,G/G,T/T,A/A,T/T,A/A,A/A,T/T,A/A,T/T,G/G,G/G,T/T,G/G,C/C,C/C,C/C,T/T,C/C,A/A,G/G,G/G,T/T,A/A,C/C,C/C,C/C,C/C,G/G,T/T,C/C,G/G,A/A,G/G,A/A,T/T,A/A,A/A,C/C,C/C,A/A,C/C,G/G,G/G,T/T,C/C,A/A,A/A,T/T,G/G,C/C,C/C,T/T,C/C,A/A,G/G,C/C,A/A,T/T,A/A,C/C,T/T,A/A,G/G,G/G,A/A,G/G,T/T,T/T,A/A,A/A,G/G,A/A,A/A,C/C,A/A,A/A,C/C,G/G,T/T,T/T,T/T,A/A,A/A,G/G,C/C,A/A,C/C,A/A,G/G,G/G,A/A,T/T,T/T,C/C,T/T,C/C,C/C,T/T,T/T,A/A,G/G,C/C,T/T,G/G,A/A,G/G,A/A,T/T,T/T,T/T,A/A,T/T,T/T,C/C,T/T,A/A,A/A,T/T,G/G,T/T,G/G,G/G,G/G,T/T,C/C
LAO HU DAO,Temp,C/C,A/A,A/A,C/C,C/C,T/T,A/A,C/C,T/T,A/A,C/C,C/C,A/A,T/T,G/G,T/T,A/A,A/A,A/A,A/A,G/G,A/A,A/A,T/T,G/G,G/G,G/G,C/C,T/T,G/G,A/A,G/G,G/G,A/A,C/C,C/C,T/T,T/T,G/G,T/T,T/T,T/T,T/T,A/A,C/C,A/A,C/C,T/T,A/A,C/C,A/A,T/T,A/A,A/A,C/C,A/A,C/C,G/G,G/G,A/A,A/A,G/G,G/G,T/T,T/T,T/T,C/C,T/T,C/C,G/G,T/T,A/A,G/G,C/C,T/T,C/C,A/A,G/G,T/T,A/A,A/A,G/G,C/C,A/A,G/G,T/T,C/C,C/C,A/A,G/G,A/A,A/A,C/C,T/T,A/A,A/A,A/A,G/G,C/C,G/G,G/G,A/A,A/A,C/C,C/C,G/G,C/C,A/A,G/G,T/T,T/T,G/G,G/G,T/T,T/T,A/A,C/C,G/G,A/A,C/C,T/T,A/A,G/G,A/A,T/T,C/C,C/C,C/C,T/T,C/C,C/C,G/G,G/G,T/T,A/A,C/C,A/A,A/A,T/T,A/A,A/A,A/A,T/T,C/C,C/C,C/C,C/C,G/G,T/T,G/G,C/C,T/T,T/T,G/G,T/T,T/T,G/G,A/A,G/G,C/C,A/A,T/T,C/C,A/A,A/A,A/A,T/T,A/A,C/C,G/G,A/A,C/C,C/C,A/A,A/A,G/G,C/C,A/A,A/A,C/C,G/G,G/G,A/A,T/T,G/G,T/T,A/A,G/G,A/A,A/A,A/A,A/A,T/T,C/C,G/G,T/T,T/T,T/T,T/T,A/A,C/C,G/G,T/T,C/C,C/C,C/C,C/C,T/T,T/T,C/C,C/C,G/G,A/A,G/G,G/G,T/T,C/C,T/T,A/A,G/G,C/C,G/G,T/T,C/C,A/A,C/C,G/G,G/G,C/C,T/T,T/T,C/C,G/G,C/C,G/G,G/G,C/C,A/A,G/G,T/T,T/T,G/G,T/T,T/T,T/T,G/G,G/G,C/C,G/G,G/G,G/G,C/C,T/T,A/A,T/T,A/A,T/T,G/G,G/G,T/T,G/G,C/C,C/C,C/C,T/T,C/C,A/A,G/G,G/G,T/T,A/A,C/C,C/C,C/C,C/C,G/G,T/T,C/C,G/G,A/A,G/G,A/A,T/T,A/A,A/A,C/C,C/C,A/A,C/C,G/G,G/G,T/T,C/C,A/A,A/A,T/T,G/G,C/C,C/C,T/T,C/C,A/A,G/G,C/C,A/A,T/T,A/A,C/C,T/T,A/A,G/G,G/G,A/A,G/G,T/T,T/T,A/A,A/A,G/G,A/A,A/A,C/C,A/A,A/A,C/C,G/G,T/T,T/T,T/T,A/A,A/A,G/G,C/C,A/A,C/C,A/A,G/G,G/G,A/A,T/T,G/G,-/-,G/G,G/G,C/C,A/A,T/T,A/A,G/G,C/C,T/T,G/G,A/A,G/G,A/A,T/T,C/C,T/T,A/A,T/T,T/T,G/G,T/T,A/A,A/A,T/T,G/G,T/T,G/G,G/G,G/G,T/T,C/C
CALROSE,Temp,C/C,C/C,G/G,T/T,C/C,T/T,A/A,C/C,T/T,A/A,C/C,C/C,A/A,T/T,G/G,T/T,A/A,C/C,A/A,A/A,A/A,A/A,A/A,T/T,G/G,G/G,G/G,C/C,T/T,G/G,A/A,G/G,G/G,A/A,C/C,C/C,T/T,T/T,G/G,T/T,T/T,T/T,T/T,A/A,C/C,A/A,C/C,T/T,A/A,C/C,A/A,T/T,A/A,A/A,C/C,A/A,C/C,G/G,G/G,A/A,-/-,C/C,G/G,T/T,T/T,T/T,C/C,T/T,C/C,G/G,T/T,-/-,G/G,C/C,T/T,C/C,A/A,G/G,T/T,A/A,A/A,G/G,C/C,A/A,G/G,T/T,C/C,C/C,A/A,G/G,A/A,A/A,C/C,T/T,A/A,A/A,A/A,G/G,C/C,G/G,G/G,A/A,A/A,C/C,C/C,G/G,C/C,A/A,G/G,T/T,T/T,G/G,G/G,T/T,T/T,A/A,C/C,G/G,A/A,C/C,T/T,A/A,A/A,A/A,T/T,C/C,C/C,C/C,T/T,C/C,C/C,G/G,G/G,T/T,A/A,C/C,A/A,A/A,T/T,A/A,A/A,A/A,T/T,C/C,C/C,C/C,C/C,G/G,T/T,A/A,C/C,T/T,T/T,G/G,T/T,T/T,G/G,A/A,A/A,C/C,A/A,T/T,C/C,A/A,A/A,A/A,T/T,A/A,C/C,G/G,A/A,C/C,C/C,G/G,A/A,G/G,C/C,A/A,A/A,C/C,G/G,G/G,A/A,T/T,G/G,T/T,A/A,G/G,A/A,A/A,A/A,A/A,T/T,C/C,G/G,T/T,T/T,T/T,T/T,A/A,C/C,G/G,T/T,C/C,C/C,C/C,C/C,T/T,T/T,C/C,C/C,G/G,A/A,G/G,G/G,T/T,C/C,T/T,-/-,G/G,C/C,G/G,T/T,C/C,A/A,A/A,G/G,G/G,C/C,T/T,T/T,C/C,G/G,C/C,G/G,G/G,C/C,A/A,G/G,T/T,T/T,C/C,T/T,T/T,T/T,G/G,G/G,T/T,G/G,T/T,A/A,T/T,A/A,A/A,T/T,A/A,T/T,G/G,G/G,T/T,G/G,C/C,C/C,C/C,T/T,C/C,A/A,G/G,G/G,T/T,A/A,C/C,C/C,C/C,C/C,G/G,T/T,C/C,G/G,A/A,G/G,G/G,T/T,A/A,A/A,C/C,C/C,A/A,C/C,G/G,G/G,T/T,C/C,A/A,A/A,T/T,G/G,A/A,T/T,T/T,C/C,A/A,G/G,C/C,A/A,T/T,A/A,-/-,-/-,A/A,G/G,G/G,A/A,T/T,A/A,T/T,A/A,A/A,G/G,A/A,A/A,C/C,A/A,A/A,C/C,G/G,T/T,T/T,T/T,A/A,A/A,G/G,C/C,A/A,C/C,A/A,G/G,G/G,A/A,T/T,T/T,C/C,T/T,C/C,C/C,T/T,T/T,A/A,G/G,C/C,T/T,G/G,A/A,G/G,A/A,T/T,T/T,T/T,A/A,T/T,T/T,G/G,C/C,A/A,A/A,T/T,G/G,T/T,G/G,G/G,G/G,T/T,C/C
KETAN SERANG,Ind,C/C,A/A,A/A,C/C,T/T,T/T,A/A,C/C,C/C,G/G,T/T,T/T,T/T,C/C,A/A,C/C,G/G,C/C,A/A,G/G,G/G,G/G,G/G,T/T,G/G,T/T,A/A,T/T,C/C,T/T,G/G,C/C,A/A,A/A,G/G,T/T,C/C,C/C,A/A,C/C,T/T,C/C,G/G,G/G,C/C,G/G,T/T,C/C,G/G,T/T,G/G,G/G,T/T,G/G,T/T,G/G,G/G,T/T,A/A,A/A,A/A,C/C,G/G,G/G,C/C,T/T,T/T,A/A,G/G,A/A,C/C,G/G,G/G,G/G,C/C,T/T,A/A,A/A,C/C,T/T,T/T,A/A,T/T,G/G,G/G,T/T,C/C,C/C,C/C,A/A,G/G,A/A,T/T,T/T,G/G,A/A,G/G,A/A,C/C,G/G,A/A,G/G,G/G,T/T,T/T,C/C,T/T,G/G,G/G,C/C,C/C,-/-,C/C,A/A,T/T,G/G,A/A,A/A,T/T,T/T,T/T,A/A,G/G,G/G,C/C,G/G,T/T,G/G,G/G,A/A,T/T,A/A,G/G,T/T,G/G,G/G,T/T,G/G,C/C,G/G,C/C,C/C,C/C,C/C,T/T,T/T,T/T,T/T,T/T,G/G,T/T,C/C,A/A,T/T,G/G,G/G,A/A,G/G,G/G,C/C,C/C,C/C,C/C,A/A,A/A,A/A,T/T,T/T,G/G,A/A,G/G,A/A,T/T,G/G,G/G,A/A,T/T,G/G,A/A,T/T,C/C,A/A,A/A,T/T,A/A,C/C,G/G,G/G,A/A,A/A,A/A,C/C,G/G,C/C,-/-,C/C,G/G,C/C,A/A,T/T,C/C,A/A,A/A,C/C,C/C,C/C,C/C,C/C,T/T,T/T,T/T,A/A,G/G,G/G,A/A,C/C,T/T,G/G,G/G,A/A,T/T,A/A,C/C,T/T,T/T,C/C,C/C,C/C,T/T,A/A,A/A,T/T,G/G,C/C,G/G,A/A,T/T,A/A,A/A,C/C,C/C,G/G,C/C,G/G,C/C,T/T,G/G,C/C,C/C,G/G,G/G,C/C,T/T,G/G,C/C,G/G,C/C,A/A,C/C,C/C,G/G,G/G,G/G,T/T,G/G,T/T,G/G,G/G,G/G,G/G,G/G,A/A,A/A,T/T,T/T,C/C,C/C,T/T,C/C,G/G,C/C,A/A,C/C,G/G,G/G,A/A,-/-,G/G,A/A,A/A,C/C,C/C,A/A,G/G,G/G,A/A,A/A,A/A,C/C,T/T,C/C,A/A,G/G,C/C,A/A,T/T,T/T,C/C,-/-,G/G,A/A,A/A,G/G,T/T,A/A,A/A,T/T,T/T,T/T,G/G,C/C,T/T,G/G,G/G,C/C,C/C,C/C,C/C,A/A,G/G,G/G,A/A,T/T,-/-,T/T,T/T,G/G,G/G,G/G,C/C,G/G,T/T,G/G,G/G,-/-,A/A,C/C,G/G,A/A,A/A,A/A,A/A,C/C,A/A,G/G,G/G,C/C,T/T,G/G,C/C,C/C,C/C,C/C,G/G,G/G,C/C,A/A,C/C,G/G,A/A,A/A,C/C,A/A
MUSSATAREM,Aro,T/T,C/C,G/G,T/T,C/C,C/C,G/G,C/C,C/C,G/G,T/T,C/C,T/T,C/C,A/A,T/T,A/A,C/C,A/A,A/A,G/G,A/A,G/G,T/T,G/G,T/T,A/A,T/T,T/T,G/G,A/A,G/G,G/G,A/A,C/C,C/C,T/T,T/T,G/G,C/C,C/C,C/C,G/G,G/G,C/C,G/G,T/T,C/C,G/G,T/T,G/G,T/T,A/A,A/A,C/C,A/A,C/C,G/G,G/G,C/C,T/T,G/G,G/G,T/T,C/C,G/G,T/T,A/A,C/C,G/G,T/T,G/G,G/G,C/C,T/T,C/C,T/T,G/G,C/C,T/T,A/A,A/A,T/T,G/G,G/G,T/T,C/C,C/C,C/C,A/A,A/A,A/A,C/C,T/T,A/A,G/G,G/G,G/G,A/A,G/G,G/G,G/G,A/A,C/C,T/T,G/G,C/C,A/A,G/G,C/C,T/T,G/G,G/G,T/T,T/T,A/A,C/C,G/G,A/A,T/T,T/T,A/A,G/G,G/G,C/C,G/G,T/T,G/G,G/G,A/A,T/T,A/A,C/C,A/A,A/A,C/C,A/A,A/A,T/T,G/G,A/A,A/A,T/T,C/C,C/C,C/C,C/C,G/G,T/T,G/G,C/C,T/T,T/T,G/G,G/G,G/G,A/A,G/G,G/G,C/C,C/C,T/T,C/C,A/A,A/A,A/A,T/T,A/A,G/G,A/A,A/A,C/C,C/C,G/G,G/G,A/A,C/C,A/A,A/A,C/C,G/G,A/A,C/C,G/G,G/G,T/T,A/A,G/G,A/A,G/G,T/T,A/A,T/T,C/C,G/G,C/C,G/G,C/C,A/A,T/T,C/C,G/G,A/A,T/T,C/C,C/C,C/C,T/T,T/T,T/T,T/T,A/A,G/G,G/G,A/A,T/T,C/C,T/T,A/A,G/G,C/C,G/G,-/-,C/C,A/A,C/C,G/G,C/C,C/C,T/T,T/T,C/C,A/A,C/C,G/G,G/G,C/C,A/A,G/G,T/T,C/C,G/G,T/T,G/G,T/T,G/G,G/G,C/C,C/C,G/G,-/-,C/C,T/T,G/G,C/C,G/G,C/C,G/G,C/C,T/T,G/G,C/C,G/G,C/C,G/G,T/T,A/A,G/G,G/G,T/T,A/A,C/C,C/C,C/C,C/C,G/G,T/T,C/C,G/G,G/G,G/G,A/A,C/C,A/A,G/G,C/C,C/C,A/A,C/C,G/G,G/G,T/T,C/C,A/A,G/G,T/T,G/G,C/C,T/T,T/T,C/C,A/A,G/G,C/C,T/T,A/A,T/T,G/G,T/T,A/A,A/A,A/A,A/A,T/T,A/A,T/T,A/A,A/A,G/G,A/A,A/A,T/T,G/G,A/A,C/C,G/G,T/T,T/T,T/T,A/A,A/A,G/G,C/C,A/A,C/C,A/A,G/G,G/G,A/A,T/T,G/G,T/T,T/T,G/G,C/C,A/A,C/C,G/G,G/G,C/C,T/T,G/G,C/C,A/A,G/G,G/G,C/C,G/G,G/G,C/C,C/C,C/C,C/C,A/A,A/A,T/T,A/A,C/C,G/G,G/G,A/A,C/C,C/C
POPONG,Trop,C/C,A/A,A/A,C/C,C/C,T/T,A/A,C/C,T/T,A/A,C/C,C/C,A/A,T/T,G/G,T/T,A/A,C/C,A/A,A/A,A/A,A/A,A/A,T/T,G/G,T/T,G/G,T/T,T/T,G/G,A/A,G/G,G/G,G/G,C/C,C/C,T/T,T/T,G/G,T/T,T/T,T/T,T/T,G/G,C/C,G/G,C/C,T/T,A/A,T/T,A/A,T/T,A/A,A/A,C/C,A/A,C/C,-/-,G/G,C/C,A/A,G/G,G/G,T/T,T/T,T/T,T/T,T/T,C/C,G/G,T/T,G/G,G/G,C/C,T/T,C/C,A/A,G/G,T/T,A/A,A/A,G/G,C/C,A/A,A/A,A/A,T/T,C/C,A/A,G/G,A/A,A/A,T/T,T/T,G/G,A/A,G/G,G/G,A/A,G/G,G/G,G/G,A/A,T/T,C/C,G/G,C/C,A/A,G/G,T/T,T/T,G/G,G/G,T/T,T/T,A/A,C/C,G/G,A/A,T/T,T/T,A/A,G/G,G/G,C/C,C/C,C/C,G/G,G/G,C/C,C/C,G/G,G/G,T/T,A/A,C/C,A/A,A/A,T/T,G/G,A/A,A/A,T/T,A/A,C/C,C/C,C/C,G/G,G/G,G/G,C/C,T/T,T/T,G/G,T/T,G/G,G/G,A/A,A/A,C/C,C/C,T/T,C/C,A/A,A/A,A/A,A/A,A/A,G/G,A/A,A/A,C/C,C/C,G/G,A/A,G/G,C/C,A/A,A/A,T/T,G/G,A/A,C/C,G/G,G/G,T/T,A/A,G/G,A/A,A/A,A/A,A/A,T/T,C/C,G/G,T/T,T/T,T/T,T/T,A/A,C/C,G/G,T/T,C/C,C/C,C/C,C/C,T/T,C/C,C/C,C/C,A/A,A/A,G/G,A/A,T/T,C/C,T/T,A/A,G/G,T/T,G/G,C/C,C/C,A/A,A/A,G/G,G/G,C/C,T/T,T/T,C/C,G/G,C/C,G/G,G/G,T/T,A/A,G/G,T/T,T/T,G/G,C/C,T/T,T/T,G/G,G/G,T/T,G/G,T/T,A/A,C/C,T/T,G/G,C/C,-/-,C/C,A/A,C/C,C/C,G/G,G/G,C/C,C/C,T/T,C/C,A/A,G/G,G/G,T/T,A/A,C/C,A/A,C/C,C/C,G/G,T/T,C/C,G/G,A/A,G/G,G/G,T/T,A/A,A/A,C/C,C/C,A/A,C/C,G/G,G/G,T/T,C/C,A/A,A/A,T/T,G/G,A/A,T/T,T/T,C/C,A/A,G/G,C/C,A/A,T/T,A/A,C/C,T/T,A/A,G/G,G/G,A/A,T/T,A/A,T/T,A/A,A/A,G/G,A/A,A/A,C/C,A/A,A/A,C/C,G/G,T/T,T/T,T/T,A/A,A/A,G/G,C/C,A/A,C/C,A/A,G/G,T/T,A/A,C/C,T/T,C/C,T/T,G/G,G/G,A/A,T/T,G/G,G/G,C/C,T/T,G/G,A/A,G/G,A/A,T/T,C/C,T/T,G/G,T/T,C/C,C/C,C/C,A/A,A/A,T/T,G/G,T/T,G/G,G/G,A/A,T/T,C/C
JHONA 349,Aus,-/-,C/C,A/A,C/C,T/T,C/C,G/G,A/A,C/C,G/G,T/T,T/T,T/T,C/C,G/G,T/T,A/A,C/C,A/A,A/A,G/G,G/G,-/-,C/C,A/A,T/T,A/A,T/T,C/C,T/T,G/G,C/C,A/A,A/A,G/G,T/T,C/C,C/C,A/A,C/C,C/C,C/C,G/G,G/G,T/T,G/G,T/T,C/C,G/G,T/T,G/G,G/G,T/T,G/G,T/T,G/G,G/G,T/T,A/A,C/C,T/T,C/C,G/G,G/G,C/C,G/G,T/T,A/A,G/G,A/A,-/-,-/-,G/G,G/G,-/-,T/T,T/T,G/G,C/C,T/T,T/T,A/A,T/T,G/G,G/G,T/T,C/C,T/T,C/C,-/-,G/G,T/T,T/T,C/C,G/G,A/A,G/G,A/A,C/C,T/T,A/A,G/G,G/G,T/T,T/T,C/C,T/T,G/G,T/T,C/C,C/C,A/A,C/C,A/A,T/T,G/G,-/-,A/A,T/T,T/T,C/C,A/A,A/A,G/G,C/C,G/G,T/T,G/G,G/G,A/A,T/T,A/A,C/C,A/A,A/A,C/C,A/A,-/-,C/C,G/G,C/C,A/A,C/C,C/C,T/T,C/C,C/C,T/T,G/G,G/G,C/C,T/T,T/T,T/T,G/G,G/G,-/-,G/G,G/G,C/C,C/C,C/C,T/T,T/T,G/G,T/T,T/T,A/A,G/G,A/A,G/G,A/A,T/T,G/G,G/G,A/A,T/T,G/G,T/T,T/T,C/C,A/A,C/C,T/T,A/A,C/C,G/G,A/A,T/T,-/-,T/T,A/A,T/T,C/C,G/G,C/C,G/G,C/C,A/A,T/T,T/T,A/A,A/A,T/T,C/C,G/G,T/T,C/C,T/T,T/T,T/T,A/A,G/G,A/A,A/A,C/C,C/C,T/T,G/G,A/A,T/T,G/G,C/C,T/T,T/T,C/C,C/C,C/C,T/T,A/A,A/A,C/C,A/A,A/A,C/C,A/A,T/T,T/T,A/A,C/C,C/C,G/G,C/C,G/G,C/C,T/T,-/-,C/C,C/C,G/G,G/G,C/C,T/T,G/G,C/C,G/G,C/C,A/A,C/C,C/C,A/A,G/G,C/C,C/C,G/G,T/T,G/G,G/G,C/C,T/T,G/G,A/A,A/A,T/T,T/T,C/C,C/C,T/T,C/C,G/G,C/C,A/A,C/C,G/G,G/G,A/A,T/T,G/G,A/A,A/A,C/C,C/C,C/C,G/G,-/-,T/T,G/G,A/A,C/C,G/G,T/T,C/C,A/A,T/T,T/T,A/A,T/T,-/-,C/C,G/G,A/A,A/A,G/G,T/T,A/A,A/A,A/A,T/T,G/G,G/G,C/C,T/T,G/G,G/G,T/T,C/C,T/T,C/C,A/A,G/G,G/G,A/A,-/-,G/G,T/T,T/T,A/A,G/G,G/G,C/C,G/G,T/T,G/G,G/G,C/C,A/A,C/C,G/G,A/A,A/A,A/A,G/G,C/C,A/A,G/G,G/G,C/C,G/G,G/G,C/C,C/C,C/C,C/C,G/G,G/G,C/C,A/A,C/C,A/A,A/A,A/A,C/C,A/A
LIEN,CHAN,SHA,PU,TSAN,Ind,T/T,T/T,A/A,C/C,C/C,G/G,T/T,T/T,T/T,C/C,A/A,C/C,G/G,C/C,A/A,G/G,G/G,G/G,G/G,T/T,G/G,T/T,A/A,T/T,C/C,T/T,G/G,C/C,A/A,A/A,G/G,T/T,C/C,C/C,A/A,C/C,C/C,C/C,G/G,G/G,C/C,G/G,T/T,C/C,G/G,T/T,G/G,G/G,A/A,G/G,T/T,G/G,G/G,T/T,A/A,C/C,T/T,C/C,A/A,G/G,C/C,G/G,T/T,A/A,G/G,A/A,C/C,G/G,G/G,G/G,C/C,T/T,A/A,A/A,C/C,T/T,T/T,A/A,T/T,G/G,G/G,T/T,C/C,C/C,C/C,A/A,G/G,T/T,T/T,T/T,G/G,A/A,G/G,A/A,C/C,G/G,A/A,G/G,G/G,T/T,T/T,C/C,T/T,G/G,G/G,C/C,C/C,A/A,C/C,A/A,T/T,G/G,A/A,A/A,T/T,T/T,T/T,A/A,G/G,G/G,C/C,G/G,T/T,G/G,G/G,A/A,T/T,A/A,G/G,T/T,G/G,G/G,T/T,G/G,C/C,G/G,A/A,C/C,T/T,C/C,C/C,T/T,T/T,T/T,T/T,G/G,T/T,C/C,A/A,T/T,G/G,G/G,A/A,G/G,G/G,C/C,C/C,C/C,C/C,T/T,A/A,A/A,T/T,A/A,G/G,A/A,G/G,A/A,T/T,G/G,G/G,A/A,T/T,G/G,A/A,T/T,C/C,A/A,C/C,T/T,A/A,C/C,G/G,G/G,A/A,A/A,T/T,C/C,G/G,A/A,A/A,C/C,G/G,C/C,A/A,T/T,T/T,A/A,A/A,C/C,T/T,C/C,C/C,C/C,T/T,T/T,T/T,A/A,G/G,G/G,A/A,C/C,T/T,G/G,G/G,A/A,T/T,A/A,C/C,T/T,T/T,C/C,C/C,C/C,T/T,A/A,A/A,T/T,A/A,C/C,G/G,A/A,T/T,T/T,A/A,C/C,C/C,G/G,C/C,G/G,C/C,T/T,G/G,C/C,C/C,G/G,G/G,C/C,T/T,G/G,C/C,G/G,C/C,A/A,C/C,C/C,G/G,G/G,G/G,T/T,G/G,T/T,G/G,A/A,G/G,G/G,G/G,A/A,A/A,T/T,T/T,C/C,C/C,T/T,C/C,G/G,C/C,A/A,C/C,G/G,G/G,A/A,T/T,G/G,A/A,A/A,C/C,C/C,A/A,G/G,G/G,A/A,A/A,A/A,C/C,T/T,C/C,A/A,G/G,C/C,A/A,T/T,T/T,C/C,C/C,G/G,A/A,A/A,G/G,T/T,A/A,A/A,T/T,T/T,T/T,G/G,C/C,T/T,G/G,G/G,C/C,C/C,C/C,C/C,A/A,G/G,G/G,A/A,T/T,G/G,T/T,T/T,G/G,G/G,G/G,C/C,G/G,T/T,G/G,G/G,C/C,A/A,C/C,G/G,A/A,A/A,T/T,A/A,C/C,A/A,G/G,G/G,C/C,T/T,G/G,C/C,C/C,C/C,C/C,G/G,G/G,C/C,A/A,C/C,G/G,A/A,A/A,C/C,A/A
DINOLORES,Trop,C/C,A/A,A/A,C/C,C/C,T/T,A/A,C/C,T/T,A/A,C/C,C/C,A/A,T/T,G/G,T/T,A/A,C/C,A/A,A/A,A/A,A/A,A/A,T/T,G/G,T/T,G/G,T/T,T/T,G/G,A/A,G/G,G/G,G/G,C/C,C/C,T/T,T/T,G/G,T/T,T/T,T/T,T/T,G/G,C/C,G/G,C/C,T/T,A/A,T/T,A/A,T/T,A/A,A/A,C/C,A/A,C/C,G/G,G/G,A/A,A/A,C/C,G/G,T/T,T/T,T/T,T/T,T/T,C/C,G/G,T/T,G/G,G/G,C/C,T/T,C/C,A/A,G/G,T/T,A/A,A/A,G/G,C/C,A/A,A/A,A/A,T/T,C/C,A/A,G/G,A/A,A/A,T/T,T/T,A/A,G/G,G/G,A/A,A/A,G/G,G/G,G/G,A/A,C/C,C/C,G/G,C/C,A/A,G/G,T/T,T/T,G/G,G/G,T/T,T/T,A/A,C/C,G/G,A/A,T/T,T/T,A/A,G/G,A/A,T/T,C/C,C/C,G/G,G/G,C/C,C/C,G/G,G/G,T/T,A/A,C/C,A/A,A/A,T/T,G/G,A/A,A/A,T/T,A/A,C/C,C/C,C/C,G/G,G/G,G/G,C/C,T/T,T/T,G/G,T/T,G/G,G/G,A/A,A/A,G/G,C/C,T/T,C/C,A/A,A/A,A/A,A/A,A/A,G/G,A/A,A/A,C/C,C/C,G/G,A/A,G/G,C/C,A/A,A/A,T/T,G/G,G/G,C/C,G/G,G/G,T/T,A/A,G/G,A/A,A/A,A/A,A/A,T/T,C/C,G/G,T/T,T/T,T/T,T/T,A/A,C/C,G/G,T/T,C/C,C/C,C/C,C/C,T/T,C/C,C/C,C/C,A/A,G/G,G/G,G/G,T/T,C/C,T/T,A/A,G/G,C/C,G/G,C/C,C/C,A/A,A/A,G/G,G/G,C/C,T/T,T/T,C/C,G/G,C/C,G/G,G/G,T/T,A/A,G/G,T/T,T/T,G/G,C/C,T/T,T/T,G/G,G/G,T/T,G/G,T/T,A/A,C/C,T/T,G/G,C/C,G/G,C/C,G/G,C/C,C/C,G/G,C/C,C/C,C/C,G/G,C/C,A/A,G/G,G/G,T/T,A/A,C/C,C/C,C/C,C/C,G/G,T/T,C/C,G/G,A/A,G/G,G/G,T/T,A/A,A/A,C/C,C/C,A/A,C/C,G/G,G/G,T/T,C/C,A/A,A/A,T/T,G/G,A/A,T/T,T/T,C/C,A/A,G/G,C/C,A/A,T/T,A/A,C/C,T/T,A/A,G/G,G/G,A/A,T/T,A/A,T/T,A/A,A/A,G/G,A/A,A/A,C/C,A/A,A/A,C/C,G/G,T/T,T/T,T/T,A/A,A/A,G/G,C/C,A/A,C/C,A/A,G/G,T/T,A/A,T/T,G/G,C/C,T/T,G/G,G/G,A/A,T/T,G/G,G/G,C/C,T/T,G/G,A/A,G/G,A/A,T/T,C/C,T/T,G/G,C/C,C/C,C/C,C/C,A/A,A/A,T/T,A/A,T/T,G/G,G/G,A/A,T/T,C/C
SATHIYA,Aro,C/C,C/C,A/A,C/C,C/C,C/C,G/G,C/C,C/C,G/G,T/T,T/T,A/A,T/T,G/G,T/T,A/A,C/C,A/A,A/A,A/A,A/A,G/G,C/C,G/G,T/T,A/A,T/T,C/C,G/G,A/A,G/G,G/G,A/A,C/C,C/C,T/T,T/T,A/A,C/C,C/C,C/C,T/T,G/G,C/C,G/G,C/C,C/C,G/G,T/T,A/A,T/T,A/A,A/A,C/C,G/G,G/G,G/G,G/G,C/C,T/T,C/C,G/G,T/T,T/T,T/T,T/T,A/A,C/C,G/G,T/T,G/G,G/G,C/C,T/T,C/C,T/T,G/G,C/C,T/T,T/T,A/A,C/C,A/A,G/G,T/T,C/C,T/T,A/A,G/G,A/A,T/T,C/C,T/T,A/A,G/G,G/G,G/G,C/C,G/G,G/G,G/G,A/A,C/C,T/T,G/G,C/C,A/A,G/G,C/C,C/C,A/A,G/G,T/T,T/T,A/A,C/C,G/G,T/T,T/T,T/T,A/A,G/G,A/A,C/C,C/C,C/C,G/G,G/G,C/C,C/C,A/A,G/G,A/A,A/A,C/C,A/A,A/A,C/C,G/G,A/A,A/A,C/C,C/C,C/C,C/C,C/C,G/G,T/T,G/G,C/C,T/T,T/T,G/G,T/T,G/G,A/A,A/A,G/G,C/C,C/C,T/T,C/C,A/A,A/A,A/A,T/T,A/A,G/G,A/A,A/A,C/C,C/C,G/G,G/G,G/G,C/C,A/A,A/A,C/C,G/G,A/A,C/C,G/G,A/A,-/-,A/A,G/G,A/A,G/G,T/T,A/A,T/T,C/C,G/G,C/C,G/G,C/C,A/A,T/T,C/C,G/G,A/A,C/C,C/C,-/-,C/C,T/T,T/T,C/C,T/T,A/A,G/G,G/G,A/A,C/C,C/C,T/T,A/A,G/G,C/C,G/G,C/C,C/C,A/A,C/C,G/G,C/C,C/C,T/T,T/T,C/C,G/G,C/C,G/G,G/G,C/C,A/A,G/G,T/T,C/C,G/G,T/T,G/G,T/T,G/G,G/G,C/C,C/C,T/T,A/A,T/T,T/T,G/G,C/C,G/G,C/C,G/G,C/C,T/T,G/G,C/C,C/C,C/C,G/G,T/T,G/G,G/G,C/C,T/T,A/A,C/C,C/C,C/C,C/C,G/G,T/T,C/C,G/G,G/G,G/G,A/A,C/C,A/A,G/G,C/C,C/C,A/A,A/A,A/A,G/G,T/T,C/C,A/A,G/G,T/T,G/G,A/A,C/C,T/T,C/C,A/A,A/A,T/T,T/T,A/A,T/T,G/G,T/T,A/A,A/A,A/A,G/G,T/T,A/A,T/T,A/A,A/A,G/G,A/A,A/A,T/T,G/G,A/A,C/C,G/G,T/T,-/-,T/T,A/A,A/A,G/G,C/C,A/A,C/C,A/A,G/G,G/G,A/A,T/T,G/G,T/T,T/T,G/G,C/C,-/-,C/C,G/G,G/G,C/C,T/T,G/G,C/C,G/G,A/A,T/T,C/C,T/T,G/G,C/C,C/C,C/C,C/C,A/A,A/A,T/T,A/A,T/T,G/G,G/G,A/A,T/T,C/C
ARIETE,Temp,C/C,C/C,G/G,T/T,C/C,T/T,A/A,C/C,T/T,A/A,C/C,C/C,A/A,T/T,G/G,T/T,A/A,A/A,G/G,A/A,A/A,A/A,A/A,T/T,G/G,G/G,G/G,C/C,T/T,G/G,A/A,G/G,G/G,A/A,C/C,C/C,T/T,T/T,G/G,T/T,T/T,T/T,T/T,A/A,C/C,A/A,C/C,T/T,A/A,-/-,A/A,T/T,A/A,A/A,C/C,A/A,C/C,-/-,G/G,A/A,A/A,G/G,G/G,T/T,T/T,T/T,C/C,T/T,C/C,G/G,T/T,A/A,G/G,C/C,T/T,C/C,A/A,G/G,T/T,A/A,A/A,G/G,C/C,A/A,G/G,T/T,C/C,C/C,A/A,G/G,A/A,A/A,C/C,T/T,A/A,G/G,G/G,A/A,A/A,G/G,G/G,G/G,A/A,C/C,C/C,G/G,C/C,A/A,G/G,T/T,T/T,G/G,G/G,T/T,T/T,A/A,C/C,G/G,A/A,C/C,T/T,T/T,G/G,A/A,T/T,C/C,C/C,C/C,T/T,C/C,C/C,G/G,G/G,T/T,A/A,C/C,A/A,A/A,T/T,A/A,A/A,A/A,T/T,A/A,C/C,C/C,C/C,G/G,T/T,A/A,C/C,T/T,T/T,G/G,T/T,G/G,G/G,A/A,G/G,C/C,A/A,T/T,C/C,A/A,A/A,A/A,A/A,A/A,G/G,A/A,A/A,C/C,C/C,G/G,A/A,G/G,C/C,A/A,A/A,C/C,G/G,G/G,A/A,T/T,G/G,T/T,A/A,G/G,A/A,A/A,A/A,A/A,T/T,C/C,G/G,T/T,T/T,T/T,T/T,A/A,C/C,G/G,T/T,C/C,C/C,C/C,C/C,T/T,T/T,C/C,C/C,G/G,A/A,G/G,G/G,T/T,C/C,T/T,A/A,G/G,C/C,G/G,T/T,C/C,A/A,-/-,G/G,G/G,C/C,T/T,T/T,C/C,G/G,C/C,G/G,G/G,T/T,A/A,G/G,T/T,T/T,C/C,T/T,T/T,T/T,G/G,G/G,T/T,G/G,T/T,A/A,T/T,A/A,A/A,T/T,A/A,T/T,G/G,G/G,T/T,G/G,C/C,C/C,C/C,G/G,C/C,A/A,G/G,G/G,T/T,A/A,C/C,C/C,C/C,C/C,G/G,T/T,C/C,G/G,A/A,G/G,A/A,T/T,A/A,A/A,C/C,C/C,A/A,C/C,G/G,G/G,T/T,C/C,A/A,A/A,T/T,G/G,C/C,C/C,T/T,C/C,A/A,G/G,C/C,A/A,T/T,A/A,C/C,T/T,A/A,G/G,G/G,A/A,T/T,T/T,T/T,A/A,A/A,G/G,A/A,A/A,C/C,A/A,A/A,C/C,G/G,T/T,T/T,T/T,A/A,A/A,G/G,C/C,A/A,C/C,A/A,G/G,G/G,A/A,T/T,T/T,C/C,T/T,G/G,G/G,T/T,T/T,A/A,G/G,C/C,T/T,G/G,A/A,G/G,A/A,T/T,-/-,T/T,G/G,T/T,-/-,G/G,T/T,A/A,A/A,T/T,G/G,T/T,G/G,G/G,G/G,T/T,C/C
TAITUNG WOO,LI,Ind,A/A,A/A,C/C,T/T,T/T,A/A,C/C,C/C,G/G,T/T,T/T,T/T,C/C,A/A,C/C,G/G,C/C,A/A,G/G,G/G,G/G,G/G,T/T,G/G,T/T,A/A,T/T,C/C,T/T,G/G,C/C,A/A,A/A,G/G,T/T,C/C,C/C,A/A,C/C,C/C,C/C,G/G,G/G,C/C,G/G,T/T,C/C,G/G,T/T,G/G,G/G,T/T,G/G,T/T,G/G,G/G,T/T,A/A,C/C,T/T,C/C,A/A,G/G,C/C,G/G,T/T,A/A,G/G,A/A,C/C,G/G,A/A,G/G,C/C,T/T,A/A,A/A,C/C,T/T,T/T,A/A,T/T,G/G,G/G,T/T,C/C,C/C,C/C,A/A,G/G,T/T,T/T,T/T,G/G,A/A,G/G,A/A,C/C,G/G,A/A,G/G,G/G,T/T,T/T,C/C,T/T,G/G,G/G,C/C,C/C,A/A,C/C,A/A,T/T,G/G,A/A,A/A,T/T,T/T,T/T,A/A,G/G,G/G,T/T,G/G,T/T,G/G,G/G,A/A,T/T,A/A,G/G,T/T,G/G,C/C,T/T,G/G,C/C,G/G,A/A,C/C,C/C,C/C,T/T,T/T,T/T,T/T,T/T,G/G,T/T,C/C,A/A,T/T,G/G,G/G,A/A,G/G,G/G,C/C,C/C,C/C,C/C,A/A,A/A,A/A,T/T,T/T,G/G,A/A,G/G,A/A,T/T,G/G,G/G,A/A,T/T,G/G,A/A,T/T,C/C,A/A,C/C,T/T,A/A,C/C,G/G,G/G,A/A,G/G,T/T,C/C,G/G,A/A,A/A,C/C,G/G,C/C,A/A,T/T,T/T,A/A,A/A,C/C,T/T,C/C,C/C,C/C,T/T,T/T,T/T,A/A,G/G,G/G,A/A,C/C,T/T,G/G,G/G,A/A,T/T,A/A,C/C,T/T,T/T,C/C,C/C,C/C,T/T,A/A,A/A,T/T,A/A,C/C,G/G,A/A,T/T,T/T,A/A,C/C,C/C,G/G,C/C,G/G,C/C,T/T,G/G,C/C,C/C,G/G,G/G,C/C,T/T,G/G,C/C,G/G,C/C,A/A,C/C,C/C,G/G,G/G,G/G,T/T,G/G,T/T,G/G,A/A,G/G,G/G,G/G,A/A,A/A,T/T,T/T,C/C,C/C,T/T,C/C,G/G,C/C,A/A,C/C,G/G,G/G,A/A,T/T,G/G,A/A,A/A,C/C,C/C,A/A,G/G,G/G,A/A,A/A,A/A,C/C,T/T,C/C,A/A,G/G,C/C,A/A,T/T,T/T,C/C,C/C,G/G,A/A,A/A,G/G,T/T,A/A,A/A,T/T,T/T,T/T,G/G,C/C,T/T,G/G,G/G,C/C,C/C,C/C,C/C,A/A,G/G,G/G,A/A,T/T,G/G,T/T,T/T,G/G,G/G,G/G,C/C,G/G,T/T,G/G,G/G,C/C,A/A,C/C,G/G,A/A,A/A,A/A,A/A,C/C,A/A,G/G,G/G,C/C,T/T,G/G,C/C,C/C,C/C,C/C,G/G,G/G,C/C,A/A,T/T,G/G,A/A,A/A,C/C,A/A
AMBAR,Aro,C/C,C/C,A/A,C/C,C/C,C/C,G/G,C/C,C/C,G/G,T/T,C/C,T/T,C/C,A/A,T/T,A/A,C/C,A/A,A/A,G/G,A/A,G/G,T/T,G/G,T/T,A/A,T/T,C/C,T/T,G/G,G/G,G/G,A/A,G/G,C/C,T/T,T/T,G/G,C/C,C/C,C/C,G/G,G/G,C/C,G/G,T/T,C/C,A/A,T/T,G/G,G/G,A/A,A/A,C/C,A/A,C/C,G/G,G/G,C/C,T/T,G/G,G/G,T/T,C/C,G/G,T/T,A/A,C/C,G/G,T/T,G/G,G/G,C/C,T/T,C/C,A/A,A/A,C/C,T/T,A/A,G/G,C/C,G/G,G/G,T/T,C/C,C/C,C/C,A/A,A/A,A/A,C/C,T/T,A/A,G/G,A/A,G/G,C/C,G/G,G/G,G/G,A/A,C/C,C/C,G/G,C/C,G/G,G/G,T/T,T/T,G/G,G/G,T/T,T/T,A/A,C/C,G/G,A/A,T/T,T/T,A/A,G/G,G/G,C/C,C/C,C/C,G/G,G/G,C/C,C/C,A/A,-/-,A/A,G/G,C/C,A/A,A/A,C/C,A/A,A/A,A/A,C/C,C/C,C/C,C/C,C/C,G/G,T/T,G/G,C/C,T/T,T/T,G/G,G/G,G/G,A/A,G/G,G/G,C/C,C/C,T/T,C/C,A/A,A/A,A/A,T/T,A/A,G/G,A/A,A/A,C/C,C/C,G/G,G/G,A/A,T/T,G/G,A/A,C/C,G/G,A/A,C/C,G/G,A/A,-/-,A/A,G/G,A/A,G/G,T/T,A/A,T/T,C/C,G/G,C/C,G/G,C/C,A/A,T/T,C/C,G/G,A/A,T/T,C/C,-/-,C/C,T/T,T/T,T/T,T/T,A/A,G/G,G/G,A/A,T/T,C/C,T/T,A/A,G/G,C/C,G/G,C/C,C/C,A/A,C/C,G/G,C/C,C/C,T/T,T/T,C/C,A/A,C/C,G/G,G/G,C/C,A/A,A/A,T/T,C/C,G/G,T/T,G/G,T/T,T/T,A/A,C/C,G/G,G/G,A/A,T/T,A/A,G/G,C/C,G/G,C/C,G/G,C/C,T/T,G/G,C/C,G/G,C/C,G/G,T/T,A/A,G/G,G/G,T/T,A/A,C/C,C/C,C/C,C/C,G/G,T/T,C/C,G/G,G/G,G/G,A/A,C/C,G/G,G/G,A/A,T/T,G/G,C/C,G/G,G/G,C/C,C/C,A/A,G/G,T/T,G/G,A/A,C/C,T/T,C/C,A/A,A/A,T/T,T/T,A/A,T/T,G/G,T/T,G/G,A/A,A/A,G/G,T/T,A/A,T/T,A/A,A/A,G/G,A/A,A/A,T/T,G/G,A/A,C/C,G/G,T/T,T/T,A/A,G/G,G/G,A/A,T/T,G/G,T/T,T/T,G/G,G/G,A/A,T/T,G/G,T/T,T/T,G/G,C/C,A/A,T/T,G/G,A/A,A/A,T/T,G/G,C/C,G/G,G/G,G/G,C/C,G/G,G/G,C/C,T/T,C/C,T/T,A/A,A/A,T/T,A/A,C/C,G/G,G/G,A/A,C/C,C/C
DS17,Aro,T/T,C/C,A/A,C/C,C/C,C/C,G/G,C/C,C/C,G/G,T/T,C/C,T/T,C/C,A/A,T/T,A/A,C/C,A/A,A/A,G/G,A/A,G/G,T/T,G/G,T/T,A/A,T/T,T/T,G/G,A/A,G/G,G/G,A/A,C/C,C/C,T/T,T/T,G/G,C/C,C/C,C/C,G/G,G/G,C/C,G/G,C/C,C/C,G/G,T/T,G/G,G/G,T/T,A/A,C/C,A/A,C/C,G/G,G/G,C/C,T/T,G/G,G/G,T/T,C/C,G/G,T/T,A/A,C/C,G/G,T/T,G/G,G/G,C/C,T/T,C/C,T/T,G/G,C/C,T/T,A/A,A/A,C/C,G/G,G/G,T/T,C/C,C/C,C/C,A/A,A/A,A/A,C/C,T/T,A/A,G/G,G/G,G/G,C/C,G/G,G/G,G/G,A/A,C/C,T/T,C/C,T/T,G/G,G/G,C/C,C/C,G/G,G/G,T/T,T/T,A/A,C/C,G/G,A/A,T/T,T/T,A/A,G/G,G/G,C/C,G/G,T/T,G/G,G/G,C/C,C/C,A/A,-/-,A/A,G/G,C/C,A/A,G/G,C/C,G/G,C/C,C/C,C/C,C/C,C/C,C/C,C/C,G/G,T/T,-/-,C/C,T/T,T/T,G/G,G/G,G/G,A/A,G/G,G/G,C/C,C/C,T/T,C/C,A/A,A/A,A/A,T/T,A/A,G/G,A/A,A/A,C/C,C/C,G/G,G/G,A/A,T/T,A/A,A/A,C/C,G/G,A/A,C/C,G/G,A/A,-/-,A/A,G/G,A/A,G/G,T/T,A/A,T/T,C/C,G/G,C/C,G/G,C/C,A/A,T/T,C/C,G/G,A/A,T/T,C/C,-/-,C/C,T/T,T/T,T/T,T/T,A/A,G/G,G/G,A/A,T/T,C/C,T/T,A/A,G/G,C/C,G/G,-/-,C/C,A/A,C/C,G/G,C/C,C/C,T/T,T/T,C/C,A/A,C/C,G/G,G/G,C/C,A/A,G/G,T/T,C/C,G/G,T/T,G/G,T/T,G/G,G/G,C/C,C/C,G/G,-/-,C/C,T/T,G/G,C/C,G/G,C/C,G/G,C/C,T/T,G/G,C/C,G/G,C/C,G/G,T/T,A/A,G/G,G/G,T/T,A/A,C/C,C/C,C/C,C/C,G/G,T/T,C/C,G/G,G/G,G/G,A/A,C/C,A/A,G/G,C/C,C/C,A/A,C/C,G/G,G/G,T/T,C/C,A/A,G/G,T/T,G/G,C/C,C/C,T/T,C/C,A/A,A/A,T/T,T/T,A/A,T/T,G/G,T/T,A/A,A/A,A/A,A/A,T/T,A/A,T/T,A/A,A/A,G/G,A/A,A/A,T/T,G/G,A/A,C/C,G/G,T/T,T/T,T/T,A/A,A/A,G/G,C/C,A/A,C/C,A/A,G/G,G/G,A/A,T/T,G/G,T/T,T/T,G/G,C/C,A/A,C/C,G/G,G/G,C/C,T/T,G/G,C/C,A/A,G/G,G/G,C/C,G/G,G/G,C/C,C/C,C/C,C/C,A/A,A/A,T/T,A/A,C/C,G/G,G/G,A/A,C/C,C/C
VARY VATO MENAHODITRA,Ind,T/T,C/C,A/A,C/C,T/T,T/T,A/A,C/C,C/C,G/G,T/T,T/T,T/T,C/C,A/A,C/C,G/G,C/C,A/A,A/A,G/G,G/G,G/G,T/T,G/G,T/T,A/A,T/T,C/C,T/T,G/G,C/C,A/A,A/A,G/G,T/T,C/C,C/C,A/A,C/C,C/C,C/C,G/G,G/G,C/C,G/G,T/T,C/C,G/G,T/T,G/G,G/G,T/T,G/G,T/T,G/G,G/G,T/T,A/A,C/C,T/T,C/C,G/G,G/G,C/C,G/G,T/T,A/A,G/G,A/A,C/C,G/G,A/A,G/G,C/C,T/T,A/A,A/A,C/C,T/T,T/T,A/A,T/T,G/G,G/G,T/T,C/C,C/C,C/C,A/A,G/G,T/T,T/T,T/T,G/G,A/A,G/G,A/A,C/C,G/G,A/A,G/G,A/A,C/C,T/T,C/C,T/T,G/G,G/G,C/C,C/C,A/A,C/C,A/A,T/T,G/G,A/A,A/A,T/T,T/T,T/T,A/A,A/A,G/G,T/T,G/G,T/T,G/G,G/G,A/A,T/T,A/A,G/G,T/T,A/A,C/C,A/A,G/G,C/C,G/G,C/C,C/C,C/C,C/C,C/C,C/C,C/C,T/T,T/T,G/G,C/C,C/C,T/T,T/T,G/G,G/G,A/A,G/G,G/G,C/C,C/C,C/C,T/T,T/T,G/G,T/T,T/T,T/T,G/G,A/A,G/G,A/A,T/T,G/G,-/-,A/A,T/T,G/G,A/A,T/T,C/C,A/A,C/C,T/T,A/A,C/C,G/G,G/G,A/A,G/G,T/T,C/C,T/T,-/-,A/A,C/C,G/G,C/C,A/A,T/T,T/T,A/A,A/A,C/C,T/T,C/C,C/C,C/C,T/T,T/T,T/T,A/A,G/G,A/A,A/A,C/C,T/T,G/G,G/G,A/A,T/T,A/A,C/C,T/T,T/T,C/C,C/C,C/C,T/T,A/A,A/A,T/T,A/A,C/C,G/G,A/A,T/T,T/T,A/A,C/C,C/C,G/G,C/C,G/G,C/C,T/T,A/A,C/C,C/C,G/G,G/G,C/C,T/T,G/G,C/C,G/G,C/C,A/A,C/C,C/C,A/A,G/G,G/G,C/C,G/G,T/T,G/G,A/A,G/G,T/T,G/G,A/A,C/C,C/C,T/T,C/C,C/C,T/T,C/C,G/G,C/C,A/A,C/C,G/G,G/G,A/A,T/T,G/G,A/A,A/A,C/C,C/C,A/A,G/G,G/G,A/A,G/G,A/A,C/C,G/G,T/T,C/C,A/A,T/T,T/T,A/A,T/T,G/G,C/C,G/G,A/A,A/A,G/G,T/T,A/A,A/A,T/T,T/T,T/T,G/G,C/C,T/T,G/G,G/G,C/C,C/C,C/C,C/C,A/A,G/G,G/G,A/A,T/T,G/G,T/T,T/T,G/G,G/G,G/G,C/C,G/G,T/T,G/G,G/G,C/C,A/A,C/C,G/G,A/A,A/A,A/A,A/A,C/C,A/A,G/G,G/G,C/C,T/T,G/G,C/C,C/C,C/C,C/C,G/G,G/G,C/C,A/A,C/C,G/G,A/A,A/A,C/C,A/A
GUNJA,Trop,C/C,A/A,A/A,C/C,C/C,T/T,A/A,C/C,T/T,A/A,C/C,C/C,A/A,T/T,G/G,T/T,A/A,C/C,A/A,A/A,G/G,G/G,A/A,T/T,G/G,T/T,G/G,T/T,T/T,G/G,A/A,G/G,G/G,A/A,C/C,C/C,T/T,T/T,G/G,T/T,T/T,C/C,T/T,G/G,C/C,A/A,C/C,T/T,A/A,T/T,A/A,T/T,A/A,A/A,C/C,A/A,C/C,G/G,G/G,A/A,A/A,G/G,G/G,T/T,T/T,T/T,T/T,T/T,C/C,G/G,T/T,G/G,G/G,C/C,T/T,C/C,A/A,G/G,T/T,A/A,A/A,G/G,C/C,A/A,G/G,T/T,T/T,C/C,A/A,G/G,A/A,A/A,C/C,T/T,A/A,G/G,G/G,G/G,C/C,G/G,G/G,G/G,A/A,C/C,C/C,G/G,C/C,A/A,G/G,T/T,T/T,G/G,G/G,T/T,T/T,A/A,C/C,G/G,A/A,T/T,T/T,T/T,A/A,A/A,T/T,C/C,C/C,C/C,T/T,C/C,C/C,A/A,G/G,T/T,A/A,C/C,A/A,A/A,C/C,G/G,A/A,A/A,T/T,C/C,C/C,C/C,C/C,G/G,G/G,G/G,C/C,T/T,T/T,G/G,T/T,T/T,G/G,A/A,A/A,G/G,A/A,T/T,C/C,A/A,A/A,A/A,T/T,A/A,G/G,A/A,A/A,C/C,C/C,G/G,A/A,G/G,C/C,A/A,A/A,C/C,G/G,G/G,C/C,G/G,G/G,T/T,A/A,G/G,A/A,A/A,A/A,A/A,T/T,C/C,G/G,T/T,T/T,T/T,T/T,A/A,C/C,G/G,T/T,C/C,C/C,C/C,C/C,T/T,T/T,C/C,C/C,A/A,A/A,G/G,G/G,T/T,C/C,T/T,A/A,G/G,C/C,G/G,T/T,C/C,A/A,A/A,G/G,G/G,C/C,T/T,T/T,C/C,G/G,C/C,G/G,G/G,T/T,A/A,G/G,T/T,T/T,G/G,T/T,T/T,T/T,G/G,G/G,T/T,C/C,T/T,A/A,C/C,T/T,G/G,C/C,G/G,C/C,A/A,C/C,C/C,G/G,G/G,C/C,C/C,T/T,C/C,A/A,G/G,G/G,T/T,A/A,C/C,A/A,C/C,C/C,G/G,T/T,C/C,G/G,A/A,G/G,G/G,C/C,A/A,A/A,C/C,C/C,A/A,C/C,G/G,G/G,T/T,C/C,A/A,G/G,T/T,G/G,C/C,C/C,T/T,C/C,A/A,G/G,C/C,A/A,T/T,A/A,C/C,T/T,A/A,A/A,A/A,A/A,G/G,T/T,T/T,A/A,A/A,G/G,A/A,A/A,C/C,A/A,A/A,C/C,G/G,T/T,T/T,T/T,A/A,A/A,G/G,C/C,A/A,C/C,A/A,G/G,G/G,A/A,T/T,G/G,C/C,T/T,G/G,C/C,A/A,C/C,G/G,G/G,C/C,A/A,G/G,A/A,G/G,A/A,T/T,C/C,T/T,G/G,C/C,T/T,C/C,C/C,A/A,A/A,T/T,A/A,T/T,G/G,G/G,A/A,T/T,C/C
GORBAI,Aus,-/-,C/C,A/A,C/C,T/T,C/C,G/G,A/A,C/C,G/G,T/T,T/T,T/T,C/C,G/G,C/C,G/G,C/C,A/A,A/A,G/G,G/G,G/G,T/T,A/A,T/T,A/A,T/T,C/C,T/T,G/G,C/C,A/A,A/A,G/G,T/T,C/C,C/C,A/A,C/C,C/C,C/C,G/G,G/G,T/T,G/G,T/T,C/C,G/G,T/T,G/G,G/G,A/A,G/G,T/T,G/G,G/G,T/T,A/A,C/C,T/T,C/C,G/G,G/G,C/C,G/G,T/T,A/A,G/G,A/A,-/-,G/G,A/A,G/G,C/C,T/T,T/T,G/G,C/C,T/T,T/T,A/A,T/T,G/G,G/G,T/T,C/C,T/T,C/C,A/A,G/G,T/T,T/T,C/C,G/G,A/A,G/G,A/A,C/C,T/T,A/A,G/G,G/G,T/T,T/T,C/C,T/T,G/G,G/G,C/C,C/C,A/A,C/C,A/A,T/T,G/G,A/A,A/A,T/T,T/T,T/T,A/A,G/G,G/G,C/C,G/G,T/T,G/G,G/G,A/A,T/T,A/A,C/C,A/A,A/A,C/C,A/A,G/G,C/C,G/G,C/C,A/A,C/C,C/C,T/T,C/C,C/C,T/T,G/G,-/-,C/C,T/T,T/T,T/T,G/G,G/G,A/A,G/G,G/G,C/C,C/C,C/C,T/T,T/T,G/G,T/T,T/T,A/A,G/G,A/A,G/G,A/A,T/T,G/G,G/G,A/A,T/T,G/G,T/T,T/T,C/C,A/A,C/C,T/T,A/A,C/C,G/G,A/A,T/T,G/G,T/T,A/A,T/T,C/C,G/G,C/C,G/G,C/C,A/A,T/T,T/T,A/A,A/A,T/T,C/C,G/G,T/T,C/C,T/T,T/T,T/T,A/A,G/G,A/A,A/A,C/C,T/T,T/T,G/G,A/A,T/T,G/G,C/C,T/T,T/T,C/C,C/C,C/C,T/T,A/A,A/A,C/C,A/A,A/A,C/C,A/A,T/T,T/T,A/A,C/C,C/C,G/G,C/C,G/G,C/C,T/T,A/A,C/C,C/C,G/G,G/G,C/C,T/T,G/G,C/C,G/G,C/C,A/A,C/C,C/C,A/A,G/G,-/-,C/C,G/G,T/T,G/G,G/G,C/C,T/T,G/G,A/A,A/A,T/T,T/T,C/C,C/C,T/T,C/C,G/G,C/C,A/A,C/C,G/G,G/G,A/A,T/T,G/G,A/A,A/A,C/C,C/C,C/C,G/G,G/G,T/T,G/G,A/A,C/C,G/G,T/T,C/C,A/A,T/T,T/T,A/A,T/T,G/G,C/C,G/G,A/A,A/A,G/G,T/T,A/A,A/A,A/A,T/T,G/G,G/G,C/C,T/T,G/G,G/G,T/T,C/C,T/T,C/C,A/A,G/G,G/G,A/A,T/C,G/G,T/T,T/T,A/A,G/G,G/G,C/C,G/G,T/T,G/G,G/G,C/C,A/A,C/C,G/G,A/A,A/A,A/A,G/G,C/C,A/A,G/G,G/G,C/C,G/G,G/G,C/C,C/C,C/C,C/C,G/G,G/G,T/T,A/A,C/C,A/A,A/A,A/A,C/C,A/A
TAICHUNG 65,Temp,C/C,C/C,G/G,T/T,C/C,T/T,A/A,C/C,T/T,A/A,C/C,C/C,A/A,T/T,G/G,T/T,A/A,A/A,G/G,A/A,A/A,A/A,A/A,T/T,G/G,G/G,G/G,C/C,T/T,G/G,A/A,G/G,G/G,A/A,C/C,C/C,T/T,T/T,G/G,T/T,T/T,T/T,T/T,A/A,C/C,A/A,C/C,T/T,A/A,C/C,A/A,T/T,A/A,A/A,C/C,A/A,C/C,G/G,G/G,A/A,A/A,G/G,G/G,T/T,T/T,T/T,C/C,T/T,C/C,G/G,T/T,A/A,G/G,C/C,T/T,C/C,A/A,G/G,T/T,A/A,A/A,G/G,C/C,A/A,G/G,T/T,C/C,C/C,A/A,G/G,A/A,A/A,C/C,T/T,A/A,A/A,A/A,G/G,C/C,G/G,G/G,A/A,A/A,C/C,C/C,G/G,C/C,A/A,G/G,T/T,T/T,G/G,G/G,T/T,T/T,A/A,C/C,G/G,A/A,C/C,T/T,T/T,G/G,A/A,T/T,C/C,C/C,C/C,T/T,C/C,C/C,G/G,G/G,T/T,A/A,C/C,A/A,A/A,T/T,A/A,A/A,A/A,T/T,C/C,C/C,C/C,C/C,G/G,T/T,A/A,C/C,T/T,T/T,G/G,T/T,T/T,G/G,A/A,G/G,C/C,A/A,T/T,C/C,A/A,A/A,A/A,T/T,A/A,C/C,G/G,A/A,C/C,C/C,A/A,A/A,G/G,C/C,A/A,A/A,C/C,G/G,G/G,A/A,T/T,G/G,T/T,A/A,G/G,A/A,A/A,A/A,A/A,T/T,C/C,G/G,T/T,T/T,T/T,T/T,A/A,C/C,G/G,T/T,C/C,C/C,C/C,C/C,T/T,T/T,C/C,C/C,G/G,A/A,G/G,G/G,T/T,C/C,T/T,A/A,G/G,C/C,G/G,T/T,C/C,A/A,A/A,G/G,G/G,C/C,T/T,T/T,C/C,G/G,C/C,G/G,G/G,C/C,A/A,G/G,T/T,T/T,C/C,T/T,T/T,T/T,G/G,G/G,T/T,G/G,T/T,A/A,T/T,A/A,A/A,T/T,-/-,T/T,G/G,G/G,T/T,G/G,C/C,C/C,C/C,T/T,C/C,A/A,G/G,G/G,T/T,A/A,C/C,C/C,C/C,C/C,G/G,T/T,C/C,G/G,A/A,G/G,A/A,T/T,A/A,A/A,C/C,C/C,A/A,C/C,G/G,G/G,T/T,C/C,A/A,A/A,T/T,G/G,C/C,C/C,T/T,C/C,A/A,G/G,C/C,A/A,T/T,A/A,C/C,T/T,A/A,G/G,G/G,A/A,G/G,T/T,T/T,A/A,A/A,G/G,A/A,A/A,C/C,A/A,A/A,C/C,G/G,T/T,T/T,T/T,A/A,A/A,G/G,C/C,A/A,C/C,A/A,G/G,G/G,A/A,T/T,T/T,C/C,T/T,C/C,C/C,T/T,T/T,A/A,G/G,C/C,T/T,G/G,A/A,G/G,A/A,T/T,T/T,T/T,A/A,T/T,T/T,G/G,T/T,A/A,A/A,T/T,G/G,T/T,G/G,G/G,G/G,T/T,C/C
KHAO LEUANG RAI,Ind,C/C,A/A,A/A,C/C,T/T,T/T,A/A,C/C,C/C,G/G,T/T,T/T,T/T,C/C,G/G,C/C,G/G,C/C,A/A,G/G,G/G,G/G,G/G,T/T,G/G,T/T,A/A,T/T,C/C,T/T,G/G,C/C,A/A,A/A,G/G,T/T,C/C,C/C,A/A,C/C,C/C,C/C,G/G,G/G,C/C,G/G,T/T,C/C,G/G,T/T,G/G,G/G,T/T,G/G,T/T,G/G,G/G,T/T,A/A,C/C,A/A,C/C,A/A,G/G,C/C,G/G,T/T,A/A,G/G,A/A,C/C,G/G,A/A,G/G,C/C,T/T,A/A,A/A,C/C,T/T,T/T,A/A,T/T,A/A,G/G,T/T,C/C,C/C,C/C,A/A,G/G,T/T,T/T,T/T,G/G,A/A,G/G,A/A,A/A,G/G,A/A,G/G,A/A,T/T,T/T,C/C,T/T,G/G,G/G,C/C,C/C,A/A,C/C,A/A,T/T,G/G,A/A,A/A,T/T,T/T,T/T,A/A,G/G,G/G,C/C,G/G,-/-,G/G,G/G,A/A,T/T,A/A,G/G,-/-,G/G,G/G,T/T,G/G,C/C,G/G,C/C,C/C,C/C,C/C,C/C,T/T,C/C,T/T,T/T,G/G,T/T,C/C,A/A,T/T,G/G,G/G,A/A,G/G,G/G,C/C,C/C,C/C,C/C,A/A,A/A,A/A,T/T,T/T,G/G,A/A,G/G,A/A,T/T,G/G,G/G,A/A,T/T,G/G,A/A,T/T,C/C,A/A,A/A,T/T,A/A,C/C,G/G,G/G,A/A,A/A,A/A,C/C,G/G,-/-,-/-,C/C,G/G,C/C,A/A,T/T,T/T,A/A,A/A,C/C,T/T,C/C,C/C,C/C,T/T,T/T,T/T,A/A,G/G,G/G,A/A,C/C,T/T,G/G,G/G,A/A,T/T,A/A,C/C,T/T,T/T,C/C,C/C,C/C,T/T,A/A,T/T,T/T,A/A,C/C,G/G,A/A,T/T,T/T,A/A,C/C,C/C,G/G,C/C,G/G,C/C,T/T,G/G,C/C,C/C,G/G,G/G,C/C,T/T,G/G,C/C,G/G,C/C,A/A,C/C,C/C,G/G,G/G,-/-,C/C,G/G,T/T,G/G,G/G,G/G,G/G,G/G,A/A,A/A,T/T,T/T,C/C,C/C,T/T,C/C,G/G,C/C,A/A,C/C,A/A,G/G,A/A,T/T,G/G,A/A,A/A,C/C,C/C,A/A,G/G,G/G,A/A,A/A,A/A,C/C,T/T,C/C,A/A,G/G,C/C,A/A,T/T,T/T,-/-,C/C,G/G,A/A,A/A,G/G,T/T,A/A,A/A,T/T,T/T,T/T,G/G,C/C,T/T,G/G,G/G,C/C,C/C,C/C,C/C,A/A,G/G,G/G,A/A,T/T,G/G,T/T,T/T,G/G,G/G,G/G,C/C,G/G,T/T,G/G,G/G,-/-,A/A,C/C,G/G,A/A,A/A,A/A,A/A,C/C,A/A,G/G,G/G,C/C,T/T,G/G,C/C,C/C,C/C,C/C,G/G,G/G,C/C,A/A,C/C,G/G,A/A,A/A,C/C,A/A
KUNING,Ind,C/C,A/A,A/A,C/C,T/T,T/T,A/A,C/C,C/C,G/G,T/T,T/T,T/T,C/C,A/A,C/C,G/G,C/C,A/A,G/G,G/G,G/G,G/G,T/T,G/G,T/T,A/A,T/T,C/C,T/T,G/G,C/C,A/A,A/A,G/G,T/T,C/C,C/C,A/A,T/T,C/C,C/C,G/G,G/G,C/C,G/G,T/T,C/C,G/G,T/T,G/G,G/G,T/T,G/G,T/T,G/G,G/G,T/T,A/A,C/C,T/T,C/C,A/A,G/G,C/C,G/G,T/T,A/A,G/G,A/A,C/C,G/G,G/G,G/G,C/C,T/T,A/A,A/A,C/C,T/T,T/T,A/A,T/T,G/G,G/G,T/T,C/C,C/C,C/C,A/A,G/G,T/T,T/T,T/T,G/G,A/A,G/G,A/A,A/A,G/G,A/A,G/G,G/G,T/T,T/T,C/C,T/T,G/G,G/G,C/C,C/C,A/A,C/C,A/A,T/T,G/G,A/A,A/A,T/T,T/T,T/T,A/A,G/G,G/G,C/C,G/G,T/T,G/G,G/G,A/A,T/T,A/A,G/G,T/T,G/G,G/G,A/T,G/G,C/C,G/G,A/A,C/C,C/C,C/C,T/T,T/T,T/T,T/T,T/T,G/G,C/C,C/C,A/A,T/T,G/G,G/G,A/A,G/G,G/G,C/C,C/C,C/C,T/T,T/T,A/A,A/A,T/T,A/A,G/G,A/A,G/G,A/A,T/T,G/G,G/G,A/A,T/T,G/G,A/A,T/T,C/C,A/A,C/C,T/T,A/A,C/C,G/G,G/G,A/A,G/G,T/T,C/C,T/T,A/A,A/A,C/C,G/G,C/C,A/A,T/T,T/T,A/A,A/A,C/C,C/C,C/C,C/C,C/C,T/T,T/T,T/T,A/A,G/G,G/G,A/A,C/C,T/T,G/G,G/G,A/A,T/T,A/A,C/C,T/T,T/T,C/C,C/C,C/C,T/T,A/A,A/A,T/T,A/A,C/C,G/G,-/-,C/C,A/A,A/A,C/C,C/C,G/G,C/C,G/G,C/C,T/T,G/G,C/C,C/C,G/G,G/G,C/C,T/T,G/G,C/C,G/G,C/C,A/A,C/C,C/C,G/G,G/G,G/G,T/T,G/G,T/T,G/G,A/A,G/G,G/G,G/G,A/A,A/A,T/T,T/T,C/C,C/C,T/T,C/C,-/-,G/G,A/A,C/C,G/G,G/G,A/A,T/T,G/G,A/A,A/A,C/C,C/C,A/A,G/G,G/G,A/A,A/A,A/A,C/C,T/T,C/C,A/A,G/G,C/C,A/A,T/T,T/T,C/C,C/C,G/G,A/A,A/A,G/G,T/T,A/A,A/A,T/T,T/T,T/T,G/G,C/C,T/T,G/G,G/G,C/C,C/C,C/C,C/C,A/A,G/G,G/G,A/A,T/T,G/G,T/T,T/T,G/G,G/G,G/G,C/C,G/G,T/T,G/G,G/G,C/C,A/A,C/C,G/G,A/A,A/A,A/A,A/A,C/C,A/A,A/A,G/G,C/C,T/T,G/G,C/C,C/C,C/C,C/C,G/G,G/G,C/C,A/A,C/C,G/G,A/A,A/A,C/C,A/A
AMBARBU BELYJ,Aro,C/C,C/C,G/G,T/T,C/C,T/T,A/A,C/C,C/C,A/A,C/C,C/C,T/T,C/C,A/A,T/T,A/A,C/C,A/A,A/A,G/G,A/A,G/G,T/T,G/G,-/-,A/A,T/T,-/-,G/G,A/A,G/G,G/G,A/A,C/C,C/C,T/T,T/T,-/-,C/C,C/C,C/C,G/G,G/G,C/C,G/G,C/C,C/C,G/G,T/T,G/G,T/T,A/A,A/A,C/C,A/A,C/C,-/-,G/G,C/C,T/T,G/G,G/G,T/T,C/C,G/G,T/T,A/A,C/C,G/G,T/T,G/G,G/G,C/C,T/T,C/C,T/T,G/G,C/C,T/T,A/A,G/G,C/C,A/A,G/G,T/T,C/C,C/C,C/C,A/A,A/A,A/A,C/C,T/T,A/A,G/G,G/G,G/G,C/C,G/G,G/G,G/G,A/A,C/C,T/T,G/G,C/C,A/A,G/G,T/T,T/T,G/G,G/G,T/T,T/T,A/A,-/-,G/G,A/A,T/T,T/T,A/A,A/A,G/G,C/C,G/G,-/-,G/G,G/G,A/A,T/T,A/A,C/C,A/A,A/A,C/C,A/A,A/A,C/C,G/G,C/C,A/A,C/C,C/C,C/C,C/C,C/C,G/G,T/T,G/G,C/C,T/T,T/T,G/G,G/G,G/G,G/G,A/A,G/G,C/C,C/C,T/T,C/C,A/A,A/A,A/A,T/T,A/A,C/C,G/G,A/A,C/C,C/C,G/G,G/G,A/A,C/C,A/A,A/A,C/C,G/G,A/A,C/C,G/G,A/A,T/T,A/A,G/G,A/A,-/-,T/T,A/A,T/T,C/C,G/G,C/C,G/G,C/C,A/A,T/T,C/C,G/G,A/A,T/T,C/C,C/C,C/C,T/T,T/T,T/T,T/T,A/A,G/G,G/G,A/A,T/T,C/C,T/T,A/A,G/G,C/C,G/G,T/T,C/C,A/A,-/-,G/G,G/G,C/C,T/T,T/T,C/C,A/A,C/C,G/G,G/G,C/C,A/A,G/G,T/T,C/C,G/G,T/T,G/G,T/T,G/G,G/G,C/C,C/C,G/G,G/G,C/C,T/T,G/G,C/C,G/G,C/C,G/G,C/C,T/T,G/G,C/C,C/C,C/C,G/G,T/T,A/A,G/G,G/G,T/T,A/A,C/C,C/C,C/C,C/C,G/G,T/T,C/C,G/G,A/A,G/G,A/A,T/T,A/A,A/A,C/C,C/C,A/A,C/C,G/G,G/G,T/T,C/C,A/A,-/-,T/T,G/G,C/C,T/T,T/T,C/C,A/A,G/G,C/C,T/T,A/A,T/T,G/G,T/T,A/A,A/A,A/A,A/A,T/T,A/A,T/T,A/A,A/A,G/G,A/A,A/A,T/T,G/G,A/A,C/C,G/G,T/T,T/T,T/T,A/A,A/A,G/G,C/C,A/A,C/C,A/A,G/G,G/G,A/A,T/T,T/T,T/T,T/T,G/G,C/C,A/A,C/C,A/A,G/G,C/C,-/-,A/G,C/C,A/A,G/G,G/G,C/C,G/G,G/G,C/C,C/C,C/C,C/C,A/A,A/A,T/T,A/A,C/C,G/G,G/G,A/A,T/T,C/C
CHENGRI MURALI,Aus,T/T,C/C,A/A,C/C,T/T,C/C,G/G,A/A,C/C,G/G,T/T,T/T,T/T,C/C,A/A,C/C,G/G,C/C,A/A,A/A,G/G,G/G,G/G,C/C,A/A,T/T,A/A,T/T,C/C,T/T,G/G,C/C,A/A,A/A,G/G,T/T,C/C,C/C,A/A,C/C,C/C,C/C,G/G,G/G,T/T,G/G,T/T,C/C,G/G,T/T,G/G,G/G,T/T,G/G,T/T,G/G,G/G,T/T,A/A,C/C,T/T,C/C,G/G,G/G,C/C,G/G,T/T,T/T,G/G,A/A,C/C,G/G,A/A,G/G,C/C,T/T,T/T,G/G,C/C,T/T,T/T,A/A,T/T,G/G,G/G,T/T,C/C,T/T,C/C,A/A,G/G,T/T,T/T,C/C,G/G,A/A,G/G,A/A,C/C,T/T,A/A,G/G,G/G,T/T,T/T,C/C,T/T,G/G,T/T,C/C,C/C,-/-,C/C,A/A,T/T,G/G,A/A,A/A,T/T,T/T,C/C,A/A,A/A,G/G,C/C,G/G,T/T,G/G,G/G,A/A,T/T,A/A,C/C,A/A,G/G,C/C,T/T,G/G,C/C,G/G,C/C,C/C,C/C,C/C,T/T,C/C,C/C,T/T,T/T,G/G,C/C,T/T,T/T,T/T,G/G,G/G,A/A,G/G,G/G,C/C,C/C,C/C,T/T,T/T,G/G,T/T,T/T,A/A,G/G,A/A,G/G,A/A,T/T,G/G,G/G,A/A,T/T,G/G,T/T,T/T,C/C,A/A,C/C,T/T,A/A,C/C,G/G,A/A,T/T,G/G,T/T,A/A,T/T,C/C,G/G,C/C,G/G,C/C,A/A,T/T,T/T,A/A,A/A,T/T,C/C,G/G,T/T,C/C,T/T,T/T,T/T,A/A,G/G,A/A,A/A,C/C,T/T,T/T,G/G,A/A,T/T,A/A,C/C,T/T,T/T,C/C,C/C,C/C,T/T,A/A,T/T,C/C,A/A,A/A,C/C,A/A,T/T,T/T,A/A,C/C,C/C,G/G,C/C,G/G,C/C,T/T,A/A,C/C,C/C,G/G,G/G,C/C,T/T,G/G,C/C,G/G,C/C,A/A,C/C,C/C,A/A,G/G,G/G,C/C,G/G,T/T,G/G,G/G,C/C,T/T,G/G,A/A,A/A,T/T,T/T,C/C,C/C,T/T,G/G,G/G,C/C,A/A,C/C,G/G,G/G,A/A,T/T,G/G,A/A,A/A,C/C,C/C,C/C,G/G,G/G,T/T,G/G,A/A,C/C,G/G,T/T,C/C,A/A,T/T,T/T,A/A,T/T,G/G,C/C,G/G,A/A,A/A,G/G,T/T,A/A,A/A,A/A,T/T,G/G,G/G,C/C,T/T,G/G,G/G,C/C,C/C,C/C,C/C,A/A,G/G,G/G,A/A,-/-,G/G,T/T,T/T,G/G,G/G,G/G,C/C,-/-,C/C,G/G,G/G,C/C,-/-,C/C,G/G,A/A,A/A,A/A,G/G,C/C,A/A,G/G,G/G,C/C,G/G,G/G,C/C,C/C,C/C,C/C,G/G,G/G,T/T,A/A,C/C,A/A,A/A,A/A,C/C,A/A
KARKATI 87,Ind,C/C,C/C,A/A,C/C,T/T,T/T,A/A,C/C,C/C,G/G,T/T,T/T,T/T,C/C,A/A,C/C,G/G,C/C,A/A,G/G,G/G,G/G,G/G,T/T,G/G,T/T,A/A,T/T,C/C,T/T,G/G,C/C,A/A,A/A,G/G,T/T,C/C,C/C,A/A,C/C,C/C,C/C,G/G,G/G,C/C,G/G,T/T,C/C,G/G,T/T,G/G,G/G,A/A,G/G,T/T,G/G,G/G,T/T,A/A,C/C,T/T,C/C,A/A,G/G,C/C,G/G,T/T,A/A,G/G,A/A,C/C,G/G,A/A,G/G,C/C,T/T,T/T,G/G,C/C,T/T,T/T,A/A,T/T,G/G,G/G,T/T,C/C,C/C,C/C,A/A,G/G,T/T,T/T,T/T,G/G,A/A,G/G,A/A,C/C,G/G,A/A,G/G,G/G,T/T,T/T,C/C,T/T,G/G,G/G,C/C,C/C,A/A,C/C,A/A,T/T,G/G,A/A,A/A,T/T,T/T,T/T,A/A,G/G,G/G,C/C,G/G,T/T,G/G,G/G,A/A,T/T,A/A,G/G,A/A,G/G,G/G,T/T,G/G,C/C,G/G,C/C,C/C,C/C,C/C,T/T,T/T,T/T,T/T,T/T,G/G,C/C,C/C,A/A,T/T,G/G,G/G,A/A,G/G,G/G,C/C,C/C,C/C,T/T,T/T,G/G,T/T,T/T,T/T,G/G,A/A,G/G,A/A,T/T,G/G,G/G,A/A,T/T,G/G,A/A,T/T,C/C,A/A,C/C,T/T,A/A,T/T,G/G,G/G,A/A,G/G,T/T,C/C,G/G,-/-,A/A,C/C,G/G,C/C,A/A,T/T,T/T,A/A,A/A,C/C,T/T,C/C,C/C,C/C,T/T,T/T,T/T,A/A,G/G,G/G,A/A,C/C,T/T,G/G,G/G,A/A,T/T,A/A,C/C,T/T,T/T,C/C,C/C,C/C,T/T,A/A,A/A,T/T,A/A,C/C,G/G,A/A,T/T,T/T,A/A,C/C,C/C,G/G,C/C,G/G,C/C,T/T,G/G,C/C,C/C,G/G,G/G,C/C,T/T,G/G,C/C,G/G,C/C,A/A,C/C,C/C,G/G,G/G,G/G,T/T,G/G,T/T,G/G,A/A,G/G,G/G,G/G,A/A,A/A,T/T,T/T,C/C,C/C,T/T,C/C,G/G,C/C,A/A,C/C,G/G,G/G,A/A,T/T,G/G,A/A,A/A,C/C,C/C,C/C,G/G,G/G,A/A,A/A,C/C,C/C,T/T,C/C,A/A,G/G,C/C,A/A,T/T,T/T,C/C,C/C,G/G,A/A,A/A,G/G,T/T,A/A,A/A,T/T,T/T,T/T,G/G,C/C,T/T,G/G,G/G,C/C,C/C,C/C,C/C,A/A,G/G,G/G,A/A,T/T,G/G,T/T,T/T,G/G,G/G,G/G,C/C,G/G,T/T,G/G,G/G,C/C,A/A,-/-,G/G,A/A,A/A,A/A,G/G,C/C,A/A,G/G,G/G,C/C,T/T,G/G,C/C,C/C,C/C,C/C,G/G,G/G,C/C,A/A,C/C,G/G,A/A,A/A,C/C,A/A
PHUDUGEY,Aro,C/C,C/C,A/A,C/C,C/C,C/C,G/G,C/C,C/C,G/G,T/T,T/T,T/T,C/C,A/A,T/T,A/A,C/C,A/A,A/A,G/G,G/G,G/G,T/T,-/-,T/T,A/A,T/T,T/T,-/-,A/A,G/G,-/-,A/A,C/C,C/C,T/T,T/T,G/G,C/C,C/C,C/C,T/T,G/G,C/C,G/G,C/C,T/T,G/G,T/T,A/A,T/T,-/-,A/A,C/C,G/G,G/G,T/G,-/-,C/C,T/T,C/C,G/G,T/T,T/T,T/T,T/T,T/T,-/-,-/-,T/T,G/G,G/G,C/C,T/T,C/C,T/T,G/G,C/C,T/T,T/T,A/A,T/T,A/A,G/G,T/T,C/C,T/T,C/C,G/G,G/G,T/T,-/-,T/T,A/A,-/-,G/G,-/-,C/C,-/-,A/A,G/G,G/G,-/-,T/T,G/G,-/-,A/A,G/G,C/C,C/C,G/G,G/G,T/T,T/T,A/A,-/-,G/G,A/A,T/T,T/T,-/-,G/G,A/A,C/C,C/C,-/-,G/G,G/G,C/C,C/C,A/A,G/G,T/T,A/A,C/C,A/A,A/A,C/C,G/G,A/A,A/A,C/C,C/C,C/C,C/C,C/C,G/G,T/T,G/G,C/C,T/T,T/T,G/G,T/T,G/G,A/A,A/A,G/G,C/C,C/C,T/T,C/C,A/A,A/A,A/A,T/T,A/A,G/G,A/A,A/A,C/C,C/C,G/G,G/G,G/G,C/C,A/A,A/A,-/-,G/G,G/G,C/C,G/G,A/A,-/-,A/A,-/-,A/A,G/G,T/T,A/A,T/T,C/C,G/G,T/T,G/G,C/C,A/A,T/T,C/C,G/G,A/A,C/C,C/C,-/-,C/C,C/C,T/T,T/T,T/T,A/A,G/G,G/G,A/A,C/C,-/-,T/T,A/A,G/G,C/C,G/G,-/-,T/T,T/T,C/C,C/C,C/C,T/T,T/T,T/T,C/C,A/A,C/C,G/G,G/G,C/C,A/A,G/G,T/T,C/C,G/G,T/T,G/G,T/T,G/G,-/-,C/C,C/C,G/G,G/G,T/T,T/T,G/G,C/C,G/G,C/C,G/G,G/G,T/T,G/G,C/C,G/G,C/C,G/G,T/T,G/G,G/G,G/G,T/T,A/A,C/C,A/C,C/C,-/-,G/G,T/T,C/C,G/G,A/A,-/-,A/A,C/C,G/G,G/G,C/C,C/C,A/A,A/A,A/A,C/C,C/C,C/C,A/A,G/G,T/T,G/G,A/A,T/T,T/T,C/C,A/A,G/G,-/-,T/T,A/A,T/T,-/-,T/T,A/A,G/G,A/A,A/A,-/-,A/A,A/A,A/A,T/T,G/G,A/A,A/A,T/T,G/G,A/A,C/C,-/-,C/C,-/-,T/T,A/A,A/A,G/G,-/-,A/A,C/C,A/A,G/G,G/G,A/A,T/T,G/G,C/C,G/G,G/G,C/C,A/A,-/-,G/G,-/-,C/C,T/T,G/G,A/A,G/G,G/G,G/G,C/C,G/G,G/G,C/C,C/C,C/C,C/C,A/A,A/A,T/T,A/A,T/T,G/G,G/G,A/A,T/T,A/A
ARC 7099,Aus,T/T,A/A,A/A,C/C,T/T,C/C,G/G,A/A,C/C,G/G,T/T,T/T,T/T,C/C,A/A,T/T,A/A,C/C,A/A,A/A,G/G,G/G,G/G,C/C,A/A,T/T,A/A,T/T,C/C,T/T,G/G,C/C,A/A,A/A,G/G,T/T,C/C,C/C,A/A,C/C,C/C,C/C,G/G,G/G,C/C,G/G,T/T,C/C,G/G,T/T,A/A,G/G,A/A,G/G,T/T,G/G,G/G,T/T,A/A,C/C,T/T,C/C,G/G,G/G,C/C,G/G,T/T,A/A,G/G,A/A,C/C,G/G,G/G,G/G,C/C,T/T,T/T,G/G,C/C,T/T,T/T,A/A,T/T,G/G,G/G,T/T,C/C,T/T,C/C,A/A,G/G,T/T,T/T,C/C,G/G,A/A,G/G,A/A,C/C,T/T,A/A,G/G,G/G,T/T,T/T,C/C,T/T,G/G,G/G,C/C,C/C,A/A,C/C,A/A,T/T,G/G,A/A,A/A,T/T,T/T,C/C,A/A,A/A,G/G,C/C,G/G,T/T,G/G,G/G,A/A,T/T,A/A,C/C,A/A,A/A,G/G,A/A,G/G,T/T,G/G,C/C,A/A,C/C,C/C,C/C,C/C,C/C,T/T,G/G,G/G,C/C,T/T,T/T,G/G,G/G,G/G,A/A,G/G,G/G,C/C,C/C,C/C,C/C,A/A,A/A,A/A,T/T,A/A,G/G,A/A,G/G,A/A,T/T,G/G,G/G,A/A,T/T,G/G,A/A,T/T,C/C,A/A,C/C,T/T,A/A,C/C,G/G,A/A,T/T,G/G,T/T,A/A,T/T,C/C,G/G,C/C,G/G,C/C,A/A,T/T,T/T,-/-,A/A,T/T,C/C,G/G,T/T,C/C,T/T,T/T,T/T,A/A,G/G,A/A,A/A,C/C,T/T,T/T,G/G,A/A,T/T,G/G,C/C,T/T,T/T,C/C,C/C,C/C,T/T,A/A,A/A,C/C,A/A,A/A,C/C,A/A,T/T,T/T,A/A,C/C,C/C,G/G,C/C,G/G,C/C,T/T,A/A,C/C,C/C,G/G,G/G,C/C,T/T,G/G,C/C,G/G,C/C,A/A,C/C,C/C,A/A,G/G,C/C,T/T,G/G,T/T,G/G,G/G,C/C,T/T,G/G,A/A,A/A,T/T,T/T,C/C,C/C,T/T,C/C,G/G,C/C,A/A,C/C,G/G,G/G,A/A,T/T,G/G,A/A,A/A,C/C,C/C,C/C,G/G,G/G,T/T,G/G,A/A,C/C,G/G,T/T,C/C,A/A,T/T,T/T,A/A,T/T,-/-,C/C,G/G,A/A,A/A,G/G,T/T,A/A,A/A,A/A,T/T,G/G,G/G,C/C,T/T,G/G,G/G,T/T,C/C,T/T,C/C,A/A,G/G,G/G,A/A,T/T,G/G,T/T,T/T,A/A,G/G,G/G,C/C,G/G,T/T,G/G,G/G,C/C,-/-,C/C,G/G,A/A,A/A,A/A,G/G,A/A,G/G,G/G,G/G,C/C,G/G,G/G,C/C,T/T,C/C,C/C,G/G,G/G,C/C,A/A,C/C,A/A,A/A,A/A,C/C,A/A
